Unique_times,chat,
2:42:29,"[' percentage of mage vs rogue matches after the playoffs are going to be stupid high lol', ' missles yeah right']",
2:42:30,,
2:42:31,"[' !brackets', ' Scared of taunt']",
2:42:32,"[' SMOrc I dont understand', ' SMOrc EZ EZ EZ LUL PogChamp Kappa']",
2:42:33,,' orange wins 2-0'
2:42:34,,' PinkMercy ...'
2:42:35,,
2:42:36,,
2:42:37,,
2:42:38,,
2:42:39,"[' leeroy + kalecgos', ' ']",
2:42:40,"["" you guys just don't know how to play control rogue""]",
2:42:41,,
2:42:42,,
2:42:43,,' MaN'
2:42:44,,
2:42:45,,
2:42:46,,
2:42:47,,
2:42:48,,' BlessRNG BlessRNG BlessRNG'
2:42:49,"[' YESSSS', ' PogChamp']",
2:42:50,"[' Be nice to people? SMOrc', ' wow I think orange wins', ' POG', ' LUL']",
2:42:51,"[' EZ', ' OH BOY EZ Clap', ' omg lol', ' Pog', ' LMAO', ' Pog']",
2:42:52,"[' whaaaaaowwww', ' HO HO HOOOOOOOOOOOOOOOOOOOO', ' EZ Clap', ' Kreygasm', ' Pog']",
2:42:53,"[' hahahahahahhaha', ' dogdogEZ', ' LULW', ' hearthstone LUL', "" i'd be so sad"", ' EZ', ' pro player']",
2:42:54,"[' he deserves it', ' EZ', ' skillstone', ' EZ', ' RNGSTONE', ' gachiBASS', ' Kreygasm Kreygasm', ' Kappa', ' LUL', ' POG POGLENTO', ' EZ', ' Pog']",
2:42:55,"[' PogChamp', ' loool', ' haHaa', ' PogChamp PogChamp PogChamp PogChamp', ' yeaaaaaahhhhh', ' orange is the new black ']",
2:42:56,"[' EZ SKILL', ' LUL', ' RNG', ' Pog', ' Pog', ' LUL', ' terrible play by orange punished', ' nakamuraHey nakamuraHey nakamuraHey', ' EZ', ' GodLento', ' LUL']",
2:42:57,"[' FreakinStinkin', ' Kolento', ' Kreygasm', ' Kreygasm', ' LLLOOOLLLLLLLLLLLLLLLL', ' RNGSTONE OMEGALUL', ' LUL', ' BM LUL']",
2:42:58,"[' LUL', ' GET REKT MY SON', ' Pro plays Pog', ' LULW', ' aaa aaa AAAA', ' LUL', ' K OMEGALUL E N T OMEGALUL', ' Pog', ' good player xd', ' asmoPray ez', ' LUL', ' wow', ' OMEGALUL', ' Godlento Pog']",
2:42:59,"[' OH MY', ' sure he did not want to lose life and decided to hit with the minion =/', ' HAHAHAHAHA', ' ooooo', ' OOPS', ' LUL BM']",
2:43:00,"[' Ez', ' EZ', ' EZ', ' BM', ' LULW', ' LUL', ' EZ', ' PogChamp', ' oh my', ' LUL', ' oooops', ' OMEGALUL OMEGALUL P PS', ' LULW', ' NotLikeThis']",
2:43:01,"[' OOP7', ' BM', ' D:', ' EZ', ' LULW', ' BlessRNG', ' EZ Clap', ' LUL BM', ' LUL']",
2:43:02,"[' bm', ' EZ', ' LUL', ' LULW', ' LMFAO']",
3:06:57,"[' GG', ' Orange win!', ' Clap']",
3:06:58,"[' GG EZ', ' go orange POGGERS', ' gg']",
3:06:59,"[' gg', ' gg', ' gg', ' gg', ' gg EZ']",
3:07:00,"[' Terrible Game', ' NICE', ' PogChamp']",
3:07:01,"[' Rip kolento', ' HS18ConcedeLeft HS18ConcedeRight', ' Orange won', ' EZ Clap']",
3:07:02,"[' gg', ' did they shadow ban warrior?']",
3:07:03,"[' D:', ' PepeHands']",
3:07:04,"[' The noob win', ' OMEGALUL R A N G E', ' EZ Clap', ' BibleThump BibleThump BibleThump BibleThump', ' He nneded to use conj calling on enemy minions', ' Orange win!', ' BMLENTO LOST LUL']",
3:07:05,"[' bm lease', ' GG']",
3:07:06,"[' bloommaster fark', ' Nah']",
3:07:07,"[' KOLENTO BibleThump BibleThump', ' gg EZ', "" there's 7 mana taunts like warbear"", ' PagChomp', ' Gg', ' OWL2019gg OWLgg OWL2019gg']",
3:07:08,"[' LUL', ' GG', ' EZ Clap', ' YES!!!', ' Pog', ' Clap', ' KOLENTO SO BAD THIS GAME... FeelsBadMan']",
3:07:09,"[' bmlento', ' HSWP', ' lul']",
3:07:10,"[' Losing to a FRUI LUL', ' gg', ' gg', ' not even maximum BM', ' bm please', ' gg', ' gg']",
3:07:11,"[' badlento lulz', ' EZ', ' go out kolento', ' EZ', ' omg', ' dayum\\', ' EZ', ' Pog']",
3:07:12,"[' seal the deal', ' EZ', ' GG', ' D:', ' CHAT NOOB', ' ezzzzzzzzz', ' uyvuy']",
3:07:13,"[' gg orange', ' He is having a heart attack', ' EZ', ' wp PogChamp PogChamp', ' orange overreacting', ' gg', ' Kolento FeelsBadMan']",
3:07:14,"[' HSWP', ' IZI GAME', ' Orange PogU', ' chat saying Orange misplayed earlier....', ' SKILLSTONE', ' WOOOOOOOOOOOOOOOOOOOOOOT', ' HS18Burned']",
3:07:15,"[' Kolento not BMing LUL', ' stresssss', ' HS18GG', ' lol', ' KOLENTO lanCry', ' ooooo the reactuibs', ' dreadsGG', ' hes dying LUL']",
3:07:16,"[' BibleThump BibleThump BibleThump', ' BibleThump LUL ScaredyCat', ' nice RNG game worse player won', ' qq kolento', ' bye bye', ' orange face LUL', ' WWOOOOOOOOOOO', ' gg', ' buuuuuuuuuuuh', ' LMAO']",
3:07:17,"[' HSWP', ' terrrible acting', ' gg', ' HS18GG HS18GG', ' purplewGG purplewGG', ' gg', ' Justice', ' GG', ' K OMEGALUL L E N T OMEGALUL', ' SKILLLLLL', ' melianHappy melianHappy melianHappy melianHappy']",
3:07:18,"[' GG Orange EZ Clap', ' gg', ' gg', ' i wanted Kolento to win :(', ' GG EZ', ' GG', ' GG', ' amazing!']",
3:07:19,"[' gg', ' gg!', ' gg', ' SeemsGood SeemsGood SeemsGood', ' GG WP !!!! Kreygasm', ' K Kreygasm LENTO', ' KOLENTO pepeD']",
3:07:20,"[' meh', ' EZ KOLENTO LOOOOL', ' stupid orange won', ' gg', ' YEAH', ' yus', ' HSWP', ' SWEEEEEDEN!!!! :D :D :D']",
3:07:21,"[' KOLENTO BAD', ' PogChamp', ' Orange :)', ' LUL LUL LUL', ' MAH BOI THIJS BibleThump BibleThump', ' EZ Clap', ' KOLENTO lanCry KOLENTO lanCry KOLENTO lanCry']",
3:07:22,"[' LETS GOOOOOOO', ' PepeHands', ' ES NotLikeThis', ' KappaPride', ' EZ Clap', ' gachiGASM', ' bad plays win game LUL', ' EZ Clap', ' gachi', ' gg', ' ']",
3:07:23,"[' GOT HIM', ' PogU', ' WOW', ' PogChamp', ' gg', ' well deserved go orange', ' SKILLLLL', ' KonCha BYE MAGE LUL', ' Kolent-out']",
3:07:24,"[' SADLENTO', ' boo..', ' kolento missplay', ' 5Head', ' Kreygasm Kreygasm Kreygasm Kreygasm Kreygasm Kreygasm', ' Epic win', ' red', ' good games from both players tygaLOVE']",
3:07:25,"[' LUL', ' gg', ' FeelsBadMan', ' nice!', ' GG PepeLaugh', ' rouge is boooooooooring', ' GO ORANGE', ' NOOB WINS', ' KOLENTO :(', ' LUL LUL', ' i hate rng']",
3:07:26,"[' gg', ' GG', ' GGGGGGGGGGGGG', ' noooooo', ' kolento deserved it', ' EZ Clap', ' GG', ' gg']",
3:07:27,"[' GG', ' NotLikeThis vs monkaHmm', ' cheh mange tes morts Kolznto', ' also the 7 mana warlock taunt?', ' HSWP', ' HSWP', ' GG', ' gg']",
3:07:28,"[' orange ', ' HS18GG HS18GG', ' BibleThump BibleThump BibleThump BibleThump', ' monkaHmm', ' Kreygasm', ' 1 classic MaxLOL', ' BibleThump', ' PogChamp Clap', ' Aww he has ANXIETY POOR BABBY LUL', ' KappaPride emotional', ' SKILL LUL', ' PogChamp']",
4:17:13,"[' monkaW', ' LULW', ' Lose to tier 4 deck LUL', ' BlessRNG']",
4:17:14,"[' 50/50 brawl monkaS', ' What is he doing?']",
4:17:15,,' BlessRNG'
4:17:16,,' ???'
4:17:17,"[' Poor PURPLE!', ' BlessRNG BlessRNG BlessRNG', ' POG']",
4:17:18,"[' BlessRNG', ' gg nice play', ' Spam üê¢ this üê¢ turtle üê¢ to üê¢ help üê¢ Mr. Purple']",
4:17:19,"[' BlessRNG Pls let purple lose destroy all control warrior', ' I have to give Eddie credit for playing a deck that no one else has used', ' danS DINOS']",
4:17:20,,' ResidentSleeper'
4:17:21,,
4:17:22,"["" I'm better than the other gm's BabyRage BabyRage""]",
4:17:23,"[' wot?', ' Spam üê¢ this üê¢ turtle üê¢ to üê¢ help üê¢ Purple']",
4:17:24,"["" Purple is touching his hair like he's typing in a cheat code""]",
4:17:25,"[' BlessRNG', ' monkaW', ' monkaS Clap', ' ???', ' BlessRNG']",
4:17:26,"["" THEY CAN'T EVEN COUNT BOMBS OMEGALUL""]",
4:17:27,"[' geegeee', ' monkaW', ' LULW', ' dreadsHi @Lesterberne']",
4:17:28,,' BlessRNG'
4:17:29,"[' WATS GOING ON????', ' Pog', ' F']",
4:17:30,"[' conced BlessRNG', ' ESPORTS', ' fifiBless']",
4:17:31,"[' NotLikeThis', ' LuL', ' monkaW üí£', ' LULW', ' WHy is he Trading LULW']",
4:17:32,"[' wahhhhhhh', ' purplewGMbtw', ' LUL', ' LULW']",
4:17:33,"[' LULW', "" why wouldn't he leave prelate alive?"", ' LULW', ' GG LUL', ' ESPORTS LUL', ' LULW']",
4:17:34,"[' gg LUL', ' OMG IS THAT PRISMATIC LENS PALA?', ' LUL', ' MMMMMMONKA', ' BlessRNG', ' HSWP']",
4:17:35,"[' SKILLSTONE', ' BabyRage', ' FeelsBadMan', ' REKT OMEGALUL', ' F', ' ouch', ' F']",
4:17:36,"[' PogChamp PogChamp PogChamp PogChamp', ' LULW', ' LUL', ' lol', ' OMEGALUL', "" I'm so glad purple lost :)"", ' EZ', ' F']",
4:17:37,"[' rough', ' BabyRage', ' LUL']",
4:17:38,"[' fifiCry', ' purple PepeHands', ' RNGed', ' EZ', ' NVM GO EDDIE!!', ' POG']",
4:17:39,"[' f', ' BloodTrail BloodTrail BloodTrail BloodTrail', ' PogChamp', ' LUL LUL LUL', ' Pog', ' LUL']",
4:17:40,"[' Gg', ' how do i get stuff', ' XD', "" THEY CAN'T EVEN COUNT BOMBS LUL"", ' EZ Clap', ' haha', ' NOOOOOOOO', ' gg haircut time homeless man', ' RIP', ' EZ Clap', ' lmao', ' easy', ' LUL', ' ROL']",
4:17:41,"[' LUL', ' Eddie the dork', ' LLOLLL', ' YEAAAAAAAAAAAAAAH', ' LUL', ' xD', ' EDDIE IS SO GOOD Pog', ' AS I SAID. WASTE OF TIME', ' LUK', ' EZ', ' LUL', ' ha']",
4:17:42,"[' lul', ' BlessRNG', ' @H3ARTHST0N3R AYAYA', ' EDDIEEEEE', ' LES GOOOOOOOOOO', ' FeelsBadMan', ' BabyRage', ' HAHA', ' LULW', ' FeelsBadMan', ' e sport PogChamp', ' gg', ' LUL', ' LUL LUL LUL']",
4:17:43,"[' OMEGALUL', ' LUL', ' HSWP', ' yay warrior lost :D', ' LULW', ' BibleThump', ' WOW!', ' EZ Clap']",
4:17:44,"[' Yes', ' purple PepeHands', ' Purple gg', ' bleedPurple bleedPurple', ' LUL LUL LUL LUL', ' Clap', "" THEY CAN'T EVEN COUNT BOMBS OMEGALUL""]",
4:17:45,"[' üçù Spam üçù This üçù Spaghetti üçù To üçù Help üçù Mr.Eddie üçù', ' EZ', ' LUL ed on', ' LULW Warrior', ' Bye bye warrior LULW', ' BabyRage', ' REKT', ' SKILL BOOOYSSS', ' amazing game']",
4:17:46,"[' BabyRage BabyRage BabyRage', ' GG', ' HA! I love this.', ' EDDIE PogChamp', ' gg', ' RNGstone', ' OVERACTING SwiftRage', ' this matchup is crazy', ' SMOrc SMOrc SMOrc SMOrc', '777777777', ' holy wrath paladin POGGERS', ' REEKTTT']",
4:17:47,"[' SeemsGood', ' GG', ' yessss', ' PogChamp PogChamp PogChamp PogChamp PogChamp', ' F', ' BlessRNG BrokeBack', ' BibleThump BibleThump BibleThump', ' smorc']",
4:17:48,"[' Clap', ' HAHAHAHHAHAHAHAH', ' xD AYAYA!', ' HAHAHAHAHAHA LUL', ' NVM GO EDDIE!! I VOTE FOR THE MEMER', ' go bald', ' purple BibleThump', ' EZ', ' BabyRage MOM', ' LULW', ' F', ' easy', ' wcsBilly wcsBilly']",
4:17:49,"[' hahaha', ' gg', ' POGGERS POGGERS POGGERS POGGERS', ' Kappa //', ' gg']",
4:17:50,"[' dreadsGG', ' YES!', ' PogChamp PogChamp PogChamp PogChamp PogChamp', ' Kreygasm', ' really well played by eddie EZ Clap', ' FeelsBadMan', ' Clap Clap', ' andyOhMyPug', ' LUL LUL LUL LUL', ' F', ' GG bye bye purple', ' Unskilled player', ' EZ', ' farwell']",
4:17:51,"[' RNGSTONE LULW', ' NON META DECK WINS EZ Clap', ' SUCH BAD RNG FOR PURPLE FeelsBadMan', ' D dogdogGERS G', ' EZ', ' what a deck', ' LUL', ' LUL META']",
4:17:52,,
4:17:53,"[' OMEGALUL', ' Rigged', ' base skill', ' uther PogChamp', ' EZ Clap', ' GG', ' RNGstone confirmed t90Rigged', ' gg', ' outclassed', ' ez', ' EZ', ' omegalul', ' EZ Clap', ' NotLikeThis NotLikeThis NotLikeThis NotLikeThis']",
4:17:54,"[' GG', ' BibleThump', ' Paladin OP Kappa', ' A game ended OMEGALUL One of the two players LOST OMEGALUL', ' BabyRage BabyRage BabyRage', ' ew eddie', ' PepeHands', ' gg', ' Lolol']",
4:17:55,"[' Eat it warrior.', ' EleGiggle', ' REEKT', ' ggs', ' Hahahahahahahah Warrior lose so good', ' lol', ' SPOILERS FROM EDDIE', ' HS18GG HS18GG', ' PJSalt YouWHY PJSalt', ' skill game', ' Dog is in semis?!']",
4:17:56,"[' get rekt turtle', ' NOICEEE', ' monkaS', ' derpyderp paladin', ' purplewRNG purplewRNG', ' 6 bombs as last 6 cards OMEGALUL', ' F']",
4:17:57,"[' gg ez', ' POGGERS', ' lul', ' F', ' lucky', ' yes', ' GG', ' PURPLE IS REKT', ' BabyRage BabyRage BabyRage', ' EZ', ' LULW', ' SMOrc', ' Yuppiiiii!!!', ' So lucky', ' Warrior lost to THAT']",
4:17:58,"[' BibleThump BibleThump', ' !bracket', ' DOG Pog', ' BabyRage', ' purplewRNG', ' EZ', ' The bracket can be found here: https://bit.ly/2Xd54rt', ' gg', ' AH YES WARRIOR LOSING FeelsGoodMan', ' ESPORTS', ' gg', ' niceee']",
4:17:59,"[' F', ' ', ' Gg', ' Purple BibleThump']",
4:18:00,"[' NEW CARD REVEALLED CHECK TWITTER', ' LOL', ' eee', ' better player won LUL', ' fair enough', ' LUL LUL LUL LUL LUL', ' HS18Logo HS18Logo', ' 200 IQ deck won']",
4:18:01,"[' My new fav cheese Maker!', ' rekt EZ', ' BibleThump BibleThump BibleThump BibleThump BibleThump', ' META LULW', ' GG', ' PJSalt NOOOO', ' Dont know why he was so stunned lol', ' randomstone', ' no fair']",
4:18:46,,' KappaPride'
4:18:47,,' why i dont win loot? lol'
4:18:48,,' not his fault :)'
4:18:49,"[' lul', ' More non-meta deck pls']",
4:18:50,,' PowerUpL HSCheers PowerUpR'
4:18:51,"[' HSWP HSWP', ' GO EDDI']",
4:18:52,"[' fenomeno will win this tourney for sure', ' Bomb warrior is deadü¶Äü¶Äü¶Ä']",
4:18:53,,
4:18:54,,' gg'
4:18:55,"[' eddie provided quality entertainment with meme decks', ' kl', ' priest']",
4:18:56,,' LUL LUL'
4:18:57,"[' GIT GUD', ' @H3ARTHST0N3R monkaW /']",
4:18:58,,' BabyRage BabyRage BabyRage'
4:18:59,,
4:19:00,,' RURURURURUURURUR'
4:19:01,"[' dogdogCozy dogdogCozy', ' Dogo Pog', ' !deck', "" Decklists for the Hearthstone Grandmasters can be found by clicking on the matchup you'd like to see the lists for here: https://bit.ly/2Xd54rt""]",
4:19:02,"[' dog shouldnt look bored to death', ' dogdogHypers dogdogHypers dogdogHypers', ' RURURURURURURURU', ' !bracket', ' drp plz', ' HSWP', ' The bracket can be found here: https://bit.ly/2Xd54rt', ' uther PogChamp', ' Frodan KappaPride']",
4:19:03,"[' DOGGERS POGGERS', ' D OMEGALUL G', ' lol', ' DOGG']",
4:19:04,"[' THE DOGGO', ' dogdogQ1 dogdogQ3 dogdogQ4 dogdogQ1']",
4:19:05,,' HSCheers HSCheers'
4:19:06,"[' NotLikeThisPurple NotLikeThis', ' woof woof', ' no ads pls', ' go dog OhMyDog']",
4:19:07,"[' pepeJAM', ' SPAM THIS TURTLE TO UNSCAMAZ PURPLE', ' dreadsHi @triheptyl', ' No lucky']",
4:19:08,"[' OhMyDog', ' ?', ' LUL', ' pepeD']",
4:19:09,"[' pepeD', ' Pog Spam Pog This Pog Pog To Pog Help Pog Dog Pog Pog', ' This paladin deck has a huge advantage over warriors', ' peepoHappy enabled peepoHappy', ' DONT JAM']",
4:19:10,"[' pepeD', ' pepeD', ' pepeJAM', ' pepeJAM', ' Wowee']",
4:19:11,"[' pepeJAM Clap', ' unmuted for Pog song', ' pepeJAM', ' SourPls', ' pog', ' pepeJAM', ' pepeD', ' pepeJAM', ' LETS GO EDDDIE', ' SourPls', ' pepeJAM', ' pepeJAM', ' pepeJAM finally']",
4:19:12,"[' DOG POG', ' pepeJAM', ' pepeJAM', ' pepeD pepeJAM', ' STOP JAMMING', ' pepeD']",
4:19:13,"[' pepeD pepeD pepeD', ' RURURURUU OhMyDog', ' PogChamp', ' pepeJAM', ' forsen next?', ' Pog', ' gj eddie', ' pepeJAM', ' pepeJAM', ' pepeJAM']",
4:19:14,"[' pepeJAM', ' PepeJam', ' pepeD', ' pepeJAM', ' JAM IT', ' pepeJAM', ' ????', ' Frodan Blue Hair May cast this tornement']",
4:19:15,"[' pepeD', ' DansGame', ' Dog alfieGasm', ' pepeJAM', ' pepeJam', ' pepeJAM', ' im out', ' pepeJAM', ' pepeD', ' pepeD', ' pepeJAM', ' pepeD']",
4:48:12,"[' monkaS', ' that turn was a mess', ' hoho']",
4:48:13,"[' 50% or no balls', ' BlessRNG']",
4:48:14,"[' do it', ' monkaS 50', ' monkaW']",
4:48:15,"[' monkaW', "" Decklists for the Hearthstone Grandmasters can be found by clicking on the matchup you'd like to see the lists for here: https://bit.ly/2Xd54rt"", ' LUL', ' go for the 50 50', ' flip a coin BrokeBack']",
4:48:16,"[' ho ho', ' 50%', ' monkaS', ' misslethal', ' 50/50 Pog', ' 50/50 EZ']",
4:48:17,"[' monkaW', ' 50/50 LETS GOOO', ' ESPORT Lethal PogChamp', ' moniaS Clap', ' 50/50 FeelsGoodMan Clap']",
4:48:18,,' 50/50'
4:48:19,"[' Letal Kappa', ' GOTTA DO IT PAL', ' forsenS', ' YOLO']",
4:48:20,"[' monkaW', ' BlessRNG', ' 50%', ' 51% lethal']",
4:48:21,"[' EZ 50/50', ' LETS GO', "" he'll go for 50%"", ' BlessRNG']",
4:48:22,"[' monkaW', ' BlessRNG', ' BOMB', '5050', ' NO BALLS', ' forsenBoys üî≠ forsen1 I C BAJS', ' monkaW', ' @4skin 3Head', ' LULW']",
4:48:23,"[' monkaS', ' GG', ' monkaW', ' monkaS', ' I‚Äôm eating a whole can of pringles Chat KKona', ' monkaS Clap', "" Dog's overdrawing"", ' How many cards was there?', ' BabyRage']",
4:48:24,"[' 50\\50', ' BlessRNG', ' BlessRNG']",
4:48:25,"[' coin flip EZ Clap', ' go', ' hs coin flip 4Head', ' 50-50 for the game', ' Coin stone', ' go go']",
4:48:26,"[' 50/50', ' lets goooooooooooooooo', ' 50/50!', ' 50 50 Kappa', ' Pog', ' monkaW', ' RNG', ' ESPORTS']",
4:48:27,"[' 50/50 FeelsGoodMan', ' heads or tails', ' 50/50 EZ', ' DICE ROLL ESPORT PogChamp', ' 50/50', ' coin flip for great justice']",
4:48:28,"[' DO IT OR NO BALLS', ' monkaW', ' HW', ' AY', ' all ends in a coinflip', ' PogChamp', ' RNGSTONE BlessRNG']",
4:48:29,"[' monkaS', ' Let‚Äôs go', ' gogogogogogog', ' pepeD', ' monkaW', ' monkaS']",
4:48:30,"[' GOING GOING', ' he can inc the chances with another shuffle', ' you gotta gamble', ' monkaW', ' GG']",
4:48:31,"[' ESPORTS FeelsGoodMan Clap', ' ESPORT', ' monkaS OMG', ' 50/50', ' THIS ART LULW', ' COIN FLIP BABY', ' monkaS', ' Brah', ' it all comes down to skill', ' HE FOUND LEATHAL√ñ']",
4:48:32,"[' 50/50', ' esport 50/50 win LU√ñ', ' BlessRNG', ' BlessRNG is he skilled', ' 50/50 cybersport', ' LUL', ' FORSEN BAJS DansGame']",
4:48:33,"[' 50/50 danS', ' LETHAL', ' 50/50 esports LuL', ' YOLOOOOOOOOOOO', ' ajsCage', ' BlessRNG dog', ' LuL', ' Bless RNG', ' heads!']",
4:48:34,"[' What %?', ' ESPORTS LULW', ' leeroyyyyyyyyyyyyyyyyyy']",
4:48:35,"[' Kreygasm', ' NOOOOOOO', ' lul', ' Rngstone', ' E sports LUL', ' Pog']",
4:48:36,"[' LMFAO', ' LU&L', ' BlessRNG BlessRNG BlessRNG BlessRNG', ' PogChamp', ' 50 - 50', ' LULW', ' EZ']",
4:48:37,"[' TakeNRG', ' monkaS', '-25', ' LUL', ' EZ', ' POGGERS']",
4:48:38,"[' LUL', ' LULW', ' rng', ' gg', ' PogChamp PogChamp', ' LULW', ' wow lmaoooooooo', ' gooo Eddie!!!', ' PogChamp', ' 500/50!!']",
4:48:39,"[' 50/50', ' LUL', ' LETHAL', ' nice', ' ez', ' ez', '5050', ' SKILL Pog']",
4:48:40,"[' PROFESSIONAL COIN FLIPPER EZ', ' E', ' WOW', ' EZ', ' screen shot', ' ESPORTS', ' dogdogF', ' Pog', ' 50%', ' EZ', ' EZ', ' LUL', ' Squid1 OhMyDog Squid4 OWL2019gg', ' YEEEEES', ' SKILLSTONE LUL']",
4:48:41,"[' BlessRNG BlessRNG BlessRNG BlessRNG', ' DOG PepeHands', ' NOOO', ' EZ', ' ESPORTS Kreygasm', ' GGGGGGGGGGGGGGGGGGG', ' LUL', ' PURE SKILL', ' dog missed lethal', ' GG']",
4:48:42,"[' lit', ' SKILL', ' SPOILERS!', ' Pog', ' HAAHAAHAHA', ' EZ', ' EZ', ' feelsweirdchamp', ' PepeHands', ' LOL', ' LULW', ' coin toss', ' ESPORTS LULW', ' LUL', ' dog PepeHands']",
4:48:43,"[' POG', ' skill LUL', ' OUTSKILLED OMEGALUL', ' SKILL', ' haha', ' outplayed', ' ESPORTS', ' OMEGALUL']",
4:48:44,"[' tft player LUL', ' EZ', ' ESPORTS LULW', ' Pog', ' EZ', ' what a player', ' eSport', ' LAMOO', ' SKILL LUL', ' ez', ' LOL', ' RNG LUL', ' RNGSTONE', ' PepeLaugh TFT player loses', ' LUL']",
4:48:45,"[' SKILLED', ' LULW', ' SKILLS Pog', ' EZ Clap', ' LETS GOOOOOOOOOOOOOOO', ' Clap', ' lel.', ' NotLikeThis NotLikeThis', ' ResidentSleeper ResidentSleeper ResidentSleeper', ' 50/50']",
4:48:46,"[' EDDIE MA BOIIIII', ' Skill based game 4Head', ' ESPORTS', ' EZ LUL', '77777', ' EZ', ' F', ' PagChomp', ' That pally deck always comes down to a 50/50 LUL good deck', ' LUL']",
4:48:47,"[' ..............', ' EZ', ' skill deck', ' SKILL STONE', ' so skillful', ' peepoBlanket', ' PJSalt', ' ESPORT !!!', ' RNGSTONE', ' no skill', ' CASINO PALADIN OMEGALUL', ' LUL LUL', ' NotLikeThis', ' OMG', ' EZ']",
4:48:48,"[' OUTSKILLED Pog', ' SKILL', ' SKILL EZ', ' FeelsWeirdMan', ' LUL', ' LULW', ' NICE SKILL Keepo', ' 0 = = 25', ' get wrecked', ' EZ', ' SKill', ' EZ Clap', ' pro sports', ' SPOILER DansGame', ' LETS GO EDDIE']",
4:48:49,"[' f', ' Ha', ' LUL get rekt rogue LUL']",
4:48:50,"[' gg', ' ESPORTS', ' Skill PogChamp', ' t90Rigged t90Rigged t90Rigged', ' wow!', ' lol skilled', ' pro coin flipper LUL', ' Pog luck', ' SKILL', ' EZ', ' PepeHands', ' LUL', ' BibleThump BibleThump BibleThump']",
4:48:51,"[' ballsy', ' SKILL GAME LUL', ' SKILLL', ' Esports LUL', ' COINTOSS', ' majin4 majin5 majin6', ' skill', ' PogChamp Now PogChamp get PogChamp ready PogChamp to PogChamp help PogChamp Eddie', ' PagChomp', ' Coinflipstone LULW', ' SKILL !!!!', ' LULW', ' 50/50stone', ' DansGame esports', ' ESPORT OMEGALUL']",
4:48:52,"[' Coinflip championsen PogChamp', ' LUL', ' jenkins', ' paladin deathmatchPOG deathmatchPOG', ' SMOrc']",
4:48:53,"[' skillstone', ' PURE SKƒ∞LL', ' talk', ' WeirdChamp coin flip', ' this guy is good', ' KOBE LUL', ' HS18Zzz HS18Zzz HS18Zzz HS18Zzz HS18Zzz', ' Skill based card game EZ']",
4:48:54,"[' OMG!!!!!!', ' I hate that OTK', ' tossing coins Pog', ' EZ E Z S T O N E', ' ESPORTS', ' BrokeBack', ' LUL', ' wow', ' CAM SPOILER', ' nice the hs has zero rng Kappa', ' Hahahaha', ' PrideLionYay PrideLionYay PrideLionYay PrideLionYay', ' Ez', ' LUL LUL LUL', ' SKILLSTONE']",
4:48:55,"[' gg', ' licker', ' Lul', ' Skill LUL', ' RNGSTONE LUL', ' he so salty LUL', ' PogChamp', ' ez LUL', ' All skill', ' EZ EZ', ' PETAAA', ' yippie Edidie!', ' LOLOL', ' eSports', ' peepoBlanket']",
4:48:56,,' THIS GAME'
4:48:57,"[' EZ Clap', ' TFT player lose Kappa', ' dog BibleThump', ' gg nice play', ' nice spectator mode delay', ' ESPORTS', ' YOU SAW THAT SKILLFUL PLAY HERE ON THE OCHO ESPN 8', ' SKILLSTONE']",
5:06:12,"[' PepeLaugh dog fans', ' NotLikeThis', ' can he fill board']",
5:06:13,"[' eddie feels disrespectful tbh', ' PepeHands', ' HES JUST A TFT PLAYER OMEGALUL']",
5:06:14,"[' coxMistake coxMistake coxMistake NotLikeThis', ' lifedrinker should not work with immune enemy']",
5:06:15,,' PepeHands'
5:06:16,"[' rip dog', ' HS18Leeroy HS18Leeroy HS18Leeroy HS18Leeroy']",
5:06:17,"[' BM', ' BM', ' BM LUL', ' BM']",
5:06:18,"[' BM LUL', ' TFT player LULW', ' poor dog LUL', ' LULW', ' bm']",
5:06:19,"[' NA MATH LULW', ' BM D:']",
5:06:20,"[' nice', ' Dog BibleThump', ' bm lul', ' BM']",
5:06:21,"[' missed BM', ' BM haHAA', ' BM LULW', ' BM LUL', ' interactive funny', ' ResidentSleeper']",
5:06:22,"[' LUL', ' LUL', ' shark Leeroy synergy PogChamp', ' peepoBlanket', ' DOG PepeHands', ' BM LUL', ' bm']",
5:06:23,"[' TFT PLAYER OMEGALUL', ' Eddie so annoying', ' TFT LUL', ' BM', ' Get recked dog', ' it‚Äôs bad sportsmanship to concede during a tourney', ' HS ', ' BM', ' lol']",
5:06:24,"[' BM LUL', ' LULW', ' BM LUL']",
5:06:25,,' EZ LOSE EZ LUL LUL LUL'
5:06:26,"[' deciding what deck to bring is like 50%of the game', ' LULW BM THE TFT STREAMER', ' BM LULW', ' bm D:', ' BM LULW', ' D: üí® bm']",
5:06:27,"[' SK(ILL', ' BM']",
5:06:28,"[' LUL', ' LUL LUL LUL LUL', ' miss BM', ' gg', ' LULW TFT PLAYERS']",
5:06:29,"[' bm LULW', ' LUL']",
5:06:30,"[' back to TfT', ' sad dog PepeHands']",
5:06:31,"[' BM', ' WOW', ' GOOOOOOOOOD', ' gg', ' back to TFT dog LUL', ' LUL']",
5:06:32,"[' BM REEEE', ' D:', ' PepeHands', ' BM dreadsD', ' BYE DOGGIE GET BMD']",
5:06:33,"[' NotLikeThis NotLikeThis', ' DOG LULW', ' WeirdChamp', ' EZ Clap', ' 5 mana deal 25 LUL', ' GM BM LUL']",
5:06:34,"[' BM', ' lol', ' hs ', ' lethal plus concede right?', ' Paladin Pog', ' Lol']",
5:06:35,"[' t90Demo t90Demo', ' Woop!', ' this shirvallah deck is not a joke at all POGGERS', ' NERF MIND BLAST']",
5:06:36,"[' LUL', ' GG', ' bm lul', ' CLOWN FIESTA']",
5:06:37,"[' gg', ' wow... this is really lame. really', ' nice performance Kappa', ' I cant wait for eddie to get REKT LUL', ' bm tft', ' smaceLUL smaceD', ' was lethal with conc PepeHands', ' loadRage FBCatch FBCatch']",
5:06:38,"[' swiftyHype swiftyHype', ' FBCatch FBCatch FBCatch FBCatch FBCatch ChefFrank', ' PepeHands PepeHands', ' HandsUp', ' TFT OMEGALUL', ' dogdogF', ' BM LULW', ' very good deck wpah!', ' \\ Kappa /', ' ez', ' Eddie going next level', ' nice', ' FeelsBadMan']",
5:06:39,"[' well played', ' RNG STONE BOYS', ' f dog', ' well done', ' dat BM', ' he had lethal with the other baleful and consecrate', ' BACK TO TFT LUL', ' GG', ' PepeHands']",
5:06:40,"[' good work', ' TFT PepeLaugh', ' Nice BM haHAA', ' well this was not fun at all', ' skill LUL', ' BM', ' HSCheers', ' LETS GOOOO', ' Very skilled :)']",
5:06:41,"[' TOO GOOOOOOOOD', ' Kapp', ' puppy got rekt', ' lulu', ' TF2 Players LUL', ' well done mate', ' cat', ' BACK TO TFT PogU', ' thats all that time dog playing tft lul', ' lame', ' BACK TO TFT LUL', ' T D: X I C']",
5:40:38,"[' p', ' LUL', ' 2 0 attack minions', ' LUL']",
5:40:39,,' LOOOOOL'
5:40:40,"[' Spirits LUL', ' dogdogQ1 dogdogQ2', ' LULW', ' LUL']",
5:40:41,"[' rip', ' bomb oh my gosh', ' drink every time purple touches his hair']",
5:40:42,,' 1 atk board LUL'
5:40:43,"[' LUL', ' SMOrc']",
5:40:44,"[' BlessRNG', ' holi', ' miss lethal LUL', ' Pog']",
5:40:45,"[' monkaS', ' zero attack LUL', ' PepeLaugh']",
5:40:46,"[' here comes the boom!', ' LUL']",
5:40:47,,' LOL'
5:40:48,,
5:40:49,"[' Wow', ' D OMEGALUL G']",
5:40:50,,' Sulthraze good SMOrc'
5:40:51,,
5:40:52,"[' LUL', ' LUL', ' ULU']",
5:40:53,"[' LUL', ' LUL', ' perfect']",
5:40:54,"[' LUL', ' PepeLaugh', ' LOL', ' LUL', ' CLEAVE', ' monkaS close game']",
5:40:55,"[' OMEGALUL', ' LULW', ' LUL']",
5:40:56,"[' LUL', ' LUL', ' lol', ' LUL']",
5:40:57,"[' lul', ' LUL', ' LOL', ' OMEGALUL', ' LUL', ' LOL', ' he shouldve suffle azelinas in hes deck when he had a chance', ' LUL']",
5:40:58,"[' bankaiCHAMP bankaiCHAMP', ' LUL', ' atk0 brothers', ' OMEGALUL']",
5:40:59,"[' NA CLEAVE WOW LULW', ' LUL', ' the three damage from the wrenchacaliber that he put into a 1-1 could have won purple the game', ' LUL', ' LOOOOL', ' why doesnt he play togs scheme']",
5:41:00,"[' aim LuL', ' LUL', ' LOWROLL LULW']",
5:41:01,,
5:41:02,"[' LUL', ' EZ', ' Playing TFT OMEGALUL', ' clown fiesta LUL', ' LUL']",
5:41:03,"[' LUL', ' oh dang', ' LUL', ' LULW', ' F', ' WutFace WutFace WutFace HS18ConcedeLeft HS18ConcedeRight']",
5:41:04,"[' LULW', ' LUL', ' LUL', ' LUL', ' farLewd', ' loollll', ' Pog', ' LULW']",
5:41:05,"[' D OMEGALUL G', ' LUL', ' LUL', ' Clap', ' EZ', ' gg', ' LUL', ' LUL', ' LUL', ' LUL', ' OMEGALUL']",
5:41:06,"[' Clap', ' EZ Clap', ' @quote_me_when_dog_loses', ' ESPORTS', ' LUL', ' üí£', ' LUL', ' purple so skilled', ' ResidentSleeper', ' LUL', ' LUL', ' good card LULW']",
5:41:07,"[' ez', ' LUL', ' t90Petard t90Demo', ' GG', ' LOL', ' LUL', ' random game', ' PepeHands PepeHands PepeHands PepeHands', ' LUL', ' EZ Clap', ' LULW', ' wwwwwwwwwwwwwwwwwwow', ' so lucky']",
5:41:08,"[' BlessRNG', ' BibleThump', ' LUL']",
5:41:09,"[' lol', ' Pepega', ' wow..gg purple', ' LULW', ' Jebaited', ' scheme', ' PogChamp PogChamp', ' no tog LUL', ' rn...LUL', ' üí£ Clap', ' XD', ' RNGGGGGGGGG', ' F', ' HeyGuys HeyGuys HeyGuys HeyGuys HeyGuys HeyGuys']",
5:41:10,"[' tog bottom', ' LUL', ' LUL', ' 4Head', ' T E M P O W A R R I O R', ' B OMEGALUL MB']",
5:41:11,"[' yesssssssss', ' LETS GO DOG', ' LUL de boom', ' dog OMEGALUL', ' OMEGALUL OMEGALUL', ' SKILLSTONE LUL']",
5:41:12,"[' noo dog L(', ' PogUOMEGA', ' drink every time purple touches his hair', ' LULW', ' hahahahahaha']",
5:41:13,"[' OhMyDog OhMyDog OhMyDog', ' Love RNG!', ' GG', ' EZ Clap', ' GO PURPLE!!!', ' skill ResidentSleeper', ' TFT STREAMER LUL', ' LUL']",
5:41:14,"[' PogChamp', ' dogdogLife', ' RNG FIESTAAAA', ' sap that bomb', ' üí£', ' ResidentSleeper', "" don't tilt dog PepeHands"", ' PepeLaugh :point_right: bottomRight', ' Never lucky', ' purplewW purplewW purplewW purplewW', ' pogchamp']",
5:41:15,"[' LUL', ' LUL warrior', ' EZ EZ EZ EZ', ' PepeHands', ' hamzDead hamzDead', ' LUL bombed']",
5:41:16,"[' olesyaBusya olesyaPain', ' GG', ' gg', ' that was super unlucky', ' No togwaggle FeelsBadMan', ' PogU', ' EZ LUL', ' gg', ' TFT Player OMEGALUL']",
5:41:17,"[' skill based', ' LUL LUL LUL', ' P ', ' dog not hapy', ' Pog', ' sungliHands', ' BOTTOMWAGGLE', ' EZ', ' TFT PLAYER LULW', ' F', ' complete clown fiesta LUL', ' smirk']",
5:41:18,"[' dog misplay', ' yeaahhhh!!!!!!!!!!!!!!', ' LULW TFT STREAMER', ' FrankerZ', ' he didnt deserve it', ' ALL SKILL Kappa', ' Tog last card', ' BabyRage', ' BlessRNG', ' TFT players are like a free win nowadays', ' LUL GGEZ LUL', ' PepeLaugh THE BETTER PLAYER WON', ' HSWP', ' NOOOOOOOO', ' ESPORTS LUL']",
5:41:19,"[' BabyRage', ' salty dog fans LUL', ' Canada Wins', ' skillstone', ' dog PepeHands']",
5:41:20,"[' poor doggo', ' TFT', ' why why', ' better aplayer won LUL', ' outskilled LUL', ' Clap', ' Burned', ' bad luck dog']",
5:41:21,"[' Doggy BibleThump', ' DOG GETS HIS WISH!', ' Dog PepeHands', ' oooo myyyyy gooooood', ' HE HAS A SAD', ' Purple is a bro', ' DOG D:', ' dogdogLife']",
