Unique_times,chat
0:08:51,"[' !Tokens', ' !tokens', ' !token', ' dafranTorb dafranTorb dafranTorb', ' !claim', ' !tokens', ' !claim', ' !tokens', ' !token', ' !tokens', ' !claim', ' !tokens', ' !token', ' !claim', ' cmonBruh cmonBruh']"
0:08:52,
0:08:53,"[' !tokens', ' !claim', ' !tokens', ' agilities im gay for youuuuuu', ' !tokens', ' !tokens', ' Dynasty', ' !claim', ' !tokens', ' !claim', ' !claim', ' !toekns', ' JonCarnage JonCarnage JonCarnage JonCarnage JonCarnage', ' !tokens', ' !token']"
0:08:54,"[' !tokens', ' !claim', ' !claim', ' !tokens', ' Y‚Äôall are so dumb typing !claim Keepo', ' !tokens', ' !token', ' harbDerpy harbDerpy harbDerpy harbDerpy harbDerpy harbDerpy harbDerpy harbDerpy harbDerpy harbDerpy harbDerpy harbDerpy harbDerpy harbDerpy', ' You do not know de wae - SourPls - You do not know de wae - SourPls - You do not know de wae - SourPls - You do not know de wae - SourPls - You do not know de wae - SourPls - You do not know de wae - SourPls -', ' !token', ' !claim', ' !tokens', ' !token', ' !tokena', ' drip! drip! drip! drip!']"
0:08:55,
0:08:56,"[' !token', ' !token', ' !claim', ' !claim', ' only 90k+ xqcKek', ' !tokens', ' !tokens', ' !claim', ' Jabroni', ' !tokens', ' !tokens', ' !claim', ' !tokens', ' !tokens', ' !tokens']"
0:08:57,"[' !Token', ' ArigatoNas', ' SMOrc', ' !claim', ' !tokens', ' !tokens', ' !token', ' !claim', ' ITS FAKE', ' Wowee', ' !claim', ' !tokens', ' has gotten 500 tokens using !ClaimRewards !!!', ' !tokens', ' !tokens']"
0:08:58,
0:08:59,"[' !token', ' !token', ' !claim', ' !claim', ' !tokens', ' !TOKEN', ' !tokens', ' !claim', ' !token', ' !claim', ' !tokens', ' !tokens', ' !claim', ' !tokens', ' !claim']"
0:09:00,"[' !claim', ' È†ëÂºµ„ÇåÔºÅÔºÅÔºÅ', ' !token', ' !token', ' !claim', ' !token', ' !token', ' !token', ' !claim', ' !Claim', ' !token', ' !token', ' !tokens', ' !token', ' !tokens']"
0:09:01,
0:09:02,"[' Me rip oog head off!', ' !tokens', ' cmonBruh', ' !claim', ' TAIMOU OUTDATED LUL EFFECT OVERRATED LUL XQC MCCREE ACTIVATED', ' Hi', ' !claim', ' !token', ' !claim', ' !tokens', ' !claim', ' !claim', ' !tokens', ' !claim', ' ü§†üëå']"
0:09:03,"[' !tokens', ' !tokens', ' !beji.', ' !tokens', ' twitch chat is so dumb', ' !claim', ' !Tokens', ' !claim', ' CoolStoryBob', ' !token', ' !claim', ' !commands', ' !claim', ' !claim', ' !claim']"
0:09:04,
0:09:05,"[' !claim', ' !token', ' Kappa', ' !Claim', "" some one donate in agdq's chat to pull there viewers"", ' !tokens', ' !tokens', ' !claim', ' lul', ' !claim', ' !claim', ' !token', ' !token', ' !token', ' Overwatch League officially kicks off on 1/10 at 4:00pm PST']"
0:09:06,"[' !claim', ' !claim', ' !claim', ' !tokens', ' !claim', ' !credits', ' !claim', ' !claim', ' hi all', ' moon2SPY', ' !tokens', ' !tokens', ' !token', ' !imgay', ' 4Head claim 4Head tokens 4Head it 4Head definitely 4Head works 4Head']"
0:09:07,
0:09:08,"[' !claim', ' !clam', ' Token', ' !claim', ' !claim', ' !tokens', ' !Token', ' !Claim', ' !tokens', ' !token', ' !token', ' !lclaim', ' !token', ' !token', ' !tokens']"
0:09:09,
0:09:10,
0:09:11,"[' !claim', ' !token', ' !tokens', ' !tokens', ' !claim', ' !claim', ' !claim', ' !token', ' !claim', ' !claim', ' !claim', ' !token', ' !claim', ' Want four we face an he gate.', ' !claim']"
0:09:12,"[' !tokens', ' !claim', ' !claim', ' üëåüòè', ' !givememoneyz', ' !claim', ' !claim', ' !claim', ' !claim', ' !claim', ' !claim', ' !token', ' !token', ' !CSGO', ' !token']"
0:09:13,
0:09:14,"[' !token', ' !claim', ' !claim', ' !claim', ' !claim', ' !claim', ' !claim', ' has claimed 6000 chuckie cheese tokens!', ' !reward', ' !token', ' !claim', ' !claim', ' !claim', ' !claim', ' !claim']"
0:09:15,
0:09:16,
0:09:17,"[' ???', ' !token', ' !Claim', ' !claim', ' !claim', ' !token', ' 100k', ' !token', ' !tokens', ' how do you win?', ' *Please stop guys you are all being trolled*', ' !token', ' *', ' !claim', ' !freeskin']"
0:09:18,"[' !claim', ' !claim', ' !tokens', ' !claim', ' !token', ' !claim', ' !claim', ' !claim', ' !claim', ' !tokens', ' ))', ' !claim', ' PokMaskedpika', ' isrol', ' !tokens']"
0:09:19,
0:09:20,"[' :skull:', ' hi', ' !tokens', ' !tokens', ' !token', ' music', ' !tokens', ' !claim', ' !claim', ' !maximumtokens', ' !token', ' !tokens', ' !token', ' !claim', ' Currently our rewards system is not in place but stay tuned to overwatchleague.com for details!']"
0:09:21,"[' !claim', ' !claim', ' moon2SMUG moon2SMUG', ' !claim', ' !claim', ' !claim', ' !token', ' !claim', ' !claim', ' !claim', ' !claim', ' HSWP', ' !claim', ' sf shock!!!!', ' !claim']"
0:09:22,
0:09:23,"[' !claim', ' !claim', ' !token', ' !claim', ' !token', ' !claim', ' !claim', ' !claim', ' today', ' !tokens', ' sumCreeper sumCreeper sumCreeper sumCreeper sumCreeper', ' !claim', ' !token', ' !claim', ' !token']"
0:09:24,"[' !claim', ' !token', ' !tolen', ' !claim', ' TriHard', ' Dragons', ' !token', ' !token', ' !claim', ' !claim', ' !token', ' !token', ' !tokens', ' !token', ' !claim']"
0:09:25,
0:09:26,"[' !tokens', ' !tokens', ' !token', ' !tokens', ' PJSalt', ' !claim', ' yo', ' !lucio', ' !claim', ' !claiminem', ' !tokens', ' why everyone spamming claim?', ' !claim', ' !tokens', ' !tokens']"
0:09:27,"[' !claim', ' !token', ' !token', ' !Claim', ' !token', ' !claim', ' eee', ' !claim', ' !token', ' !claim', ' !claim', ' !claim', ' !token', ' !token', ' !tokens']"
0:09:28,
0:09:29,"[' xd', ' !claim', ' !tokens', ' !claim', ' !claim', ' !commands', ' !token', ' !claim', ' 5 MIN HYPE', ' !token', ' !claim', ' !token', ' !claim', ' !claim', ' !token']"
0:15:24,
0:15:25,"[' !tokens', ' !tokens', ' get me my tokens', ' !tokens', ' MLG LUL LUL LUL', ' !claim', ' !tokens', ' !claim', ' tokens plz', ' !tokens', ' !claim', ' !claim', ' !tokens', ' letgs go', ' !tokens']"
0:15:26,"[' !tokens', ' !tokens', ' !claim', ' pokeYA', ' !token', ' !claims', ' HALLO FRED', ' !token', ' !claim', ' !tokens', ' !token', ' claims', ' !tokens', ' !claim', ' !tokens']"
0:15:27,
0:15:28,"[' !tokens', ' !claim', ' HassanChop PogChamp PogChamp PogChamp PogChamp PogChamp PogChamp PogChamp PogChamp PogChamp PogChamp PogChamp PogChamp PogChamp PogChamp', ' !tokens', ' POGCHAMP', ' duckiePiggy', ' !claim', ' !tokens', ' !claim', ' moon2SPY', ' #BURNBLUE', ' clintC clintC clintC clintC', ' PogChamp', ' !tokens', ' YAH YAH YAH YAH']"
0:15:29,"[' global korean league', ' !cliam', ' PogChamp', ' !tokens', ' !tokens', ' Global means no EU lionFeels', ' !tokens', ' T-T-T-T-OKEN', ' !tokens', ' !tokens', ' !Tokens', ' !token', ' 131K Wow', ' !claim', ' can somebody blacklist !claim and !token?']"
0:15:30,
0:15:31,"[' @Uncleswagg seagH', ' !tokens', ' !claim', ' !tokens', ' !claim', ' !tokens', ' –ü—Ä–∏–≤–µ—Ç –∏–∑ –†–æ—Å—Å–∏–∏', ' !claim', ' xqcLove', '12', ' e', ' !tokens', ' !token', ' !tokens', ' !token']"
0:15:32,"[' !token', ' HYYPEEE', ' !tokens', ' !claim', ' PogChamp', ' !tokens', ' twitch ahead of blizzard', ' !token', ' !tokens', ' boston haHAA', ' PogChamp', ' !tokens', ' !tokens', ' !claim', ' !tokens']"
0:15:33,
0:15:34,"[' !claim', ' mercy LUL', ' hanzo!!!', ' !tokens', ' LUL', ' !claim', ' !token', ' HOW DO YOU GE FREE STUFF', ' haHAA', ' !tokens', ' HYPE', ' Philly all the way', ' gimme free stuff pls', ' !tokens', ' !tokens']"
0:15:35,"[' !token', ' R3cursive k3llyHUG', ' Rein trophy PogChamp', ' !token', ' !claim', ' !tokens', ' GLOBAL WHEN HALF THE TEAMS KOREAN OMEGALUL', ' !token', ' niiiceeee', ' PogChamp', ' !tokens', ' jeff', ' !token', "" LET'S GO CHAMP PogChamp PogChamp PogChamp PogChamp PogChamp"", ' !tokens']"
0:15:36,
0:15:37,"[' !claim', ' !claim', ' !token', ' UBHIVVUGCGGJV', ' !claim', ' !tokens', ' i like mayhem because they have ronald mcdonalds skins', ' —Ñ—ã–≤—Ñ—ã–≤\\', ' !claim', ' !tokens', ' hshsshshsjhshsjs', ' !token', ' !claim', ' !tokens', ' PogChamp']"
0:15:38,"[' lets gooo', ' THIS IS DOPE', ' !Claim', ' !claim', ' !token', ' !tokens', ' !tokens', ' claim', ' !claim', ' !freeshit', ' !clam', ' HYPE', ' !tokens', ' !claim', ' Wow']"
0:15:39,
0:15:40,"[' !claim', ' !tokens', ' !token', ' !tokens', ' !tokens', ' WOOOOOOOO', ' !tokens', ' !token', ' !claim', ' !claim', ' seagPog', ' !clain', ' Amazing', ' !claim', ' !tokens']"
0:15:41,"[' !tokens', ' !claim', ' !claim', ' claim', ' !Tokens', ' !tokens', ' PogChamp', ' !claim', ' !tokens', ' moon2SPY', ' !tokens', ' !tokens', ' !tokens', ' !claim', ' !tokens']"
0:15:42,
0:15:43,"[' !claim', ' !claim', ' !tokens', ' ahhha', ' !token', ' !tokens', ' !tokens', ' !claim', ' !claim', ' !tokens', ' !drop', ' Clap', ' !claim', ' !claim', ' !tokens']"
0:15:44,"[' PogChamp', ' !tokens', ' !claim', ' ! tokens', ' SKULL FACE', ' !token', ' !tokens', ' !claim', ' woooooo', ' !claim', ' !tokens', ' HYPE', ' !claim', ' !claim', ' !tokens']"
0:15:45,
0:15:46,"[' Can we get sum PogChamp in the chat', ' !token', ' !tokens', ' !token', ' !claim', ' !token', ' !token', ' !tokens', ' PogChamp', ' !claim', ' HYPE', ' !claim', ' !token', ' PogChamp.', ' THERE ARE NO !TOKENS']"
0:15:47,"[' !claim', ' !claim', ' POGGERS MY DOGGERS', ' Praise the tokens!', "" i'm gay"", ' !tokens', ' !claim', ' !claim', ' POGGERS', ' !claim', ' !claim', ' jeff Save Me', ' POGGERS', ' +', ' POGGERS']"
0:15:48,
0:15:49,"[' !claim', ' !claim', ' !claim', ' kephriiCHAMP kephriiCHAMP kephriiCHAMP kephriiCHAMP kephriiCHAMP', ' !tokens', ' WOOP WOOP', ' dab LUL', ' SeriousSloth SeriousSloth', ' jesus', ' haHAA', ' !claim', ' lets go', ' !claim', ' !claim', ' !claim']"
0:15:50,"[' !tokens', ' THE DAB', ' PogChamp', ' PogChamp', ' !tokens', ' !claim', ' !tokens', ' !tokens', ' !claim', ' !claim', ' !tokens', ' jhahaahpiaujhpsoughpaserugh', ' !tokens', ' OOOOHHH', ' !claim']"
0:15:51,
0:15:52,"[' haHAA', ' !tokens', ' !claim', ' !tokens', ' NO DAB', ' !token', ' !tokens', ' !token', ' where is korean channel??', ' haHAA', ' DAB haHAA', ' PogChamp', ' !tokens', ' haHAA', ' Currently our rewards system is not in place but stay tuned to overwatchleague.com for details!']"
0:15:53,"[' !claim', ' !token', ' EEE BOI', ' !claim', ' !claim', ' !tokens', ' !tokens', ' !claim', ' !tokens', ' LUL', ' Common rynasty', ' !claim', ' ', ' haHAA', ' !claim']"
0:15:54,
0:15:55,"[' Dab', ' the dabbbb no', ' !claim', ' !tokens', ' !token', ' !claim', ' !claim', ' !claim', ' Hype', ' xqcFuel', ' CRINGE', ' calvinDAB', ' !claim', ' !tokens', ' bruh']"
0:15:56,"[' sinaDab', ' !claim', ' !claim', ' DAB', ' !claim', ' haHAA', ' !tokens', ' !tokens', ' !claim', ' !claim', ' !claim', ' !claim', ' Woot', ' dab in emmm', ' !token']"
0:21:16,"[' !rewards', ' !rewards', ' BOOOOO ?', ' !rewards', ' WHAT DOES !REWARDS DO WHAT DOES !REWARDS DO', ' !rewards', ' !rewards', ' !rewards', ' lol', ' !rewards', ' !rewards', ' !rewards', ' !rewards', ' ResidentSleeper', ' Hallo Basti :D']"
0:21:17,
0:21:18,"[' huni?', ' moon2SMUG', ' teamko1Dab teamko1Dab teamko1Dab teamko1Dab teamko1Dab teamko1Dab teamko1Dab teamko1Dab teamko1Dab teamko1Dab teamko1Dab teamko1Dab teamko1Dab teamko1Dab', ' non eyes', ' !rewards', ' !rewards', ' BAGUETTE BOYZ', ' SOOOOOON', ' !rewards', ' !rewards', ' !rewards', ' PLAT CHAT', ' !rewards', ' POGGERS', ' !irewards']"
0:21:19,"[' !rewards', ' !rewards', ' !rewards', ' !rewards', ' agilVAL', ' PogChamp', ' !rewards', ' MingLee', ' –î–ê–í–ê–ô–¢–ï –ü–ê–¶–ê–ù–´!', ' vamos calcetinesss BloodTrail', ' !rewards', ' !rewards', ' HUNI', ' It‚Äôs lit', ' TTTTTTTTTTTTTTTTTTTTTTTTTTTTTTTTTTTTTTTTTTTRRT']"
0:21:20,
0:21:21,"[' GG', ' Korean Valiant', ' Eeeee', ' MongLee', ' 3 koreans and 2 french dudes!!!', ' HUNI', ' !rewards', ' !gift', ' PogChamp ResidentSleeper ResidentSleeper ResidentSleeper ResidentSleeper', ' Best', ' !rewards', ' UNKOE LOVE ME', ' !rewards', ' Mistress in on so laughing throwing endeavor occasion welcomed.', ' !rewards']"
0:21:22,"[' Booooo', ' OOHHHHHHH', ' iddSF', ' !rewards', ' !rewards', ' !rewards', ' !rewards', ' What‚Äôs with the !rewards thing', ' LA BABY', ' !Rewards', ' !rewards', ' Not bad', ' MingLee', ' !skin', ' !rewards']"
0:21:23,
0:21:24,"[' LOL', ' !rewards', ' !rewards', ' LUL', ' MingLee', ' !rewards', ' KOREA KUN', ' !rewards', ' !rewards', ' ÔºÅrewards', ' BOO', ' BOOOOOOO', ' !rewards', ' !rewards', ' It is a little cringe...']"
0:21:25,"[' SINATRAA 18 IN MARCH BTW SINATRAA 18 IN MARCH BTW SINATRAA 18 IN MARCH BTW SINATRAA 18 IN MARCH BTW SINATRAA 18 IN MARCH BTW SINATRAA 18 IN MARCH BTW', ' Kreygasm', ' 3 ASIANS', ' —Ä—É—Å—Å–∫–∏–µ –≤ —á–∞—Ç–µ. –µ–µ–µ–µ', ' Nomy! nomyChamp nomyChamp nomyChamp', ' effBless effBless effBless effBless effBless effBless', ' !rewards', ' !rewards', ' umihyuMAR umihyuMAR umihyuMAR', ' YAAAAAAAAAAAAAAAAAA', ' AGILITIES', ' !rewards', ' !rewards', ' !rewards', ' !rewards']"
0:21:26,
0:21:27,"[' !rewards', ' koreans', ' !rewards', ' SOON', ' WHO IS THAT GUY UP FRONT', ' !rewards', ' YAAAAASSSSS LA', ' haHAA', ' PogChamp VALLA', ' !rewards', ' !rewards', ' !rewards', ' GREEEEEN', ' THICC', ' Currently our rewards system is not in place but stay tuned to overwatchleague.com for details!']"
0:21:28,"[' Booooooo', ' KOREANS LA?/!??!', ' 3 Koreans GG', ' Unkoeee', ' !rewards', ' packers', ' !rewards', ' !rewards', ' BOOOOO', ' !rewards', ' !rewards', ' unkoe !', ' !rewards', ' !rewards', ' !rewards']"
0:21:29,
0:21:30,"[' !rewards', ' BUUU', ' !rewards', ' sinatra b day is april from what ive heard', ' VALIANT', ' !rewards', ' chinos', ' !rewards', ' !rewards', ' IT DOESNT WORK YET NONE OF THE COMMANDS ARE ACTIVE ITS A TROLLL', ' !rewards', ' UNKOOE unkoeThug unkoeThug unkoeThug', ' !rewards', ' !rewards', ' !owplay']"
0:21:31,"[' tokens', ' !rewards', ' !rewards', ' !rewards', ' !Nike', ' BOOOOOO', ' !rewards', ' !rewards', ' !rewards', ' —á', ' !rewards', ' WutFace CALM DOWN', ' !Rewards', ' yeet here my mans come', ' litererally immortals']"
0:21:32,
0:21:33,"[' !rewards', ' yay', ' !rewards', ' !rewards', ' !rewards', ' AVEC LE SIX', ' !rewards', ' !rewards', ' !rewards', ' yaaaaay', ' !rewards', ' !rewards', ' VALIANT', ' !rewards', ' !rewards']"
0:21:34,"[' bowl cut Kappa every other person', ' !rewards', ' gg', ' dope bois', ' !rewards', ' bubble14Dab bubble14Dab', ' !rewards', ' !Rewards', ' !rewards', ' !rewards', ' UNKOE', ' !rewards', ' !rewards', ' !rewards', ' g']"
0:21:35,
0:21:36,"[' !rewards', ' !rewards', ' !rewards', ' SOON!!!', ' !rewards', ' SLEEPERS', ' HUNI!?!?!?!?!?!', ' Clippers PogChamp', ' SMOrc', ' !rewards', ' lol the BOOOOOOOOOOOOOs', ' !rewards', ' !rewards', ' !rewards', ' UNKOE']"
0:21:37,"[' !rewards', ' !rewards', ' !rewards', ' !Rewards', ' !rewards', ' !rewards', ' !rewards', ' stop the rewards spam mods plz', ' agilHey agilHey agilHey agilHey', ' Random numbers LUL', ' lionDongers lionDongers lionDongers', ' !rewards', ' !rewards', ' !rewards', ' !rewards']"
0:21:38,
0:21:39,"[' !koreantokens', ' r they fighting eathother', ' UNKOE UNKOE', ' !rewards', ' La', ' !rewards', ' K ResidentSleeper R E A N S', ' !rewards', ' !rewards', ' !rewards', ' !rewards', ' !rewards', ' !rewards', ' !rewards', ' !rewards']"
0:21:40,"[' !rewards', ' !rewards', ' !rewards', ' !rewards', ' !rewards', ' AGILITIES', ' need more haze√∑!!!', ' üî® moon2S üî® moon2S üî® moon2S üî® moon2S', ' !rewards', ' !rewards', ' !rewards', ' !rewards', ' S A L A D', ' !rewards', ' !rewards']"
0:21:41,
0:21:42,"[' !rewards', ' YEE KOREANS', ' !rewards', ' !rewards', ' !rewards', ' !rewards', ' !rewards', ' !rewards', ' UNKOE ', ' !rewards', ' !rewards', ' DansGame', ' UNKOE', ' !rewards', ' @sharkus19 sup']"
0:21:43,"[' !', ' moon2FEELS Sinatra benched moon2FEELS', ' VICIUZ', ' !rewards', ' !rewards', ' lets go fam', ' half the team are asian LUL', ' !rewards', ' !skins', ' stop spamming non existent commands', ' OmegaLuL', ' !drop', ' LETS GO', ' !skins', ' k']"
0:21:44,
0:21:45,"[' BOOO SwiftRage', ' PJSalt', ' LA', ' dad', ' eeee', ' !rewards', ' !rewards', ' !rewards', ' —ã—ã—ã—ã—ã —è —Ä—É—Å—Å–∫–∏–π', '3', ' SOON ', ' Booo', ' office chairs PogChamp', ' !rewards', ' !gifts']"
0:21:46,"[' !rewards', ' !rewards', ' –ß—Ç–æ –∑–∞ —Ä–µ–≤–µ—Ä—Å?', ' !rewards', ' !rewards', ' !rewards', ' !rewards', ' wow', ' go soon and unkoe!', ' !rewards', ' Eee', ' !rewards', ' –†—É—Å–∞–∫–∏ –∫—É', ' !rewards', ' VIsLaud SOON']"
0:30:34,
0:30:35,"[' !TIMisTHICC', ' !coins', ' gh', ' !coin', ' !coins', ' !coins', ' LUL', ' haHAA', ' !coins', ' !coins', ' !coins', ' !coins', ' !coins', ' !coins', ' haHAA']"
0:30:36,"[' !coins', ' !coins', ' !coins', ' Rip', ' !coins', ' !commands', ' !coins', ' !coins', ' !coins', ' cmonBruh cmonBruh cmonBruh cmonBruh cmonBruh cmonBruh cmonBruh cmonBruh', ' !coins', ' TTours', ' !coins', ' !coins', ' dfassssssssssssssssssssssssssssssss']"
0:30:37,
0:30:38,"[' !coins', ' Clap', ' leo', ' !coins', ' !coins', ' How do we get the stuff?', ' uel xjg', ' !coins', ' trihard', ' !coins', ' !commands', ' !coins', ' !coins', ' !coins', ' !coins']"
0:30:39,"[' !coins', ' !coins', ' I want those colors on OW', ' !coins', ' !coins', ' !coins', ' !coins', ' !coins', ' pokk', ' LUL', ' LUL', ' !coins', ' !coins', ' haHAA', ' !coins']"
0:30:40,
0:30:41,"[' ???', ' haHAA', ' !coin', ' everyone cringe', ' !coins', ' !coins', ' !coins', ' xqcSkull', ' !coins', ' !mute', ' k', ' !coins', ' !coin', ' !coins', ' haHAA']"
0:30:42,"[' moon2MLEM BEST moon2MLEM GIRL moon2MLEM', ' !coin', ' !coins', ' !coins', ' !coins', ' !coin', ' !coins', ' !coins', ' TableHere MrDestructoid MrDestructoid', ' !coins', ' WRONG TIME TTours', ' !coins', ' !coins', ' !coins', ' Jebaited']"
0:30:43,
0:30:44,"[' !coins', ' ILY BABYBAY', ' !coins', ' BABYBELL!', ' !overpricedtokens', ' !coins', ' !coins', ' -', ' !coins', ' !coins', ' haHAA', ' !giveaway', ' !coins', ' haHAA', ' !coins']"
0:30:45,"[' !coins', ' Gooo', ' !coins', ' !coins', ' HARD CARRY BY BABYBAY', ' hahah', ' !coins', ' !coins', ' haHAAAAA', ' haHAA', ' haHAA', ' !coins', ' !coins', ' !coins', ' FBtouchdown']"
0:30:46,
0:30:47,"[' !coins', ' !coins', ' !coins', ' !coins', ' !coins', ' TTours', ' !coins', ' u', ' !coins', ' !coins', ' !coins', ' !coins', ' !coins', ' !coins', ' !coins']"
0:30:48,"[' !coins', ' !coins', ' BABYBELL', ' !coins', ' !coins', ' !coins', ' !coins', ' !coins', ' !coins', ' !coins', ' chill', ' !coins', ' lul', ' Jebaited', ' !coins']"
0:30:49,
0:30:50,"[' !coins', ' !coins', ' !coins', ' –∞', ' !coins', ' !commands', ' !coins', ' !coins', ' !coins', ' !coins', ' !coins', ' LUL', ' !coins', ' !icons', ' !tyler1']"
0:30:51,"[' !coina', ' !coins', ' !coins', ' !coins', ' !coins', ' !coins.', ' OMEGALUL', ' haHAA GOOD ONE', ' HAHAHA KOREANS', ' !bluespin', ' !coins', ' !coins', ' !bitcoin', ' !coins', ' !coins']"
0:30:52,
0:30:53,"[' !comANDS', ' !coins', ' !coins', ' PogChamp', ' !coins', ' !coins', ' !coins', ' !skins', ' !coins', ' !coins', ' !commands', ' !COINS', ' !coins', ' THERE IS NOTHING FREE!', ' !coins']"
0:30:54,"[' !coins', ' !coins', ' LOL', ' !COMMANDA', ' !OWLcoins', ' !commands', ' !coin', ' !coin', ' !coins', ' !coins', ' LUL', ' !coins', ' !coins', ' !coins', ' seagPog']"
0:30:55,
0:30:56,"[' !commands', ' !coins', ' HAHAHAA', ' gay', ' !coins', ' !coins', ' !shutup', ' Olha esse mcree caralhoo', ' haHAA', ' !—Åoins', ' PurpleStar PurpleStar PurpleStar PurpleStar PurpleStar', ' !coins', ' !coins', ' LOL THE NAMES', ' !coins']"
0:30:57,"[' !coins', ' lul the names', ' !coins', ' !coins', ' !coins', ' !coins', ' haHAA', ' !coins', ' !coins', ' !coin', ' –ø–∫—ã—É–ø—Ä', ' !coins', ' !coins', ' !coins', ' !coins']"
0:30:58,
0:30:59,"[' !coins', ' !coins', ' !coins', ' !coins', ' !sub', ' !coins', ' !coins', ' OMEGALUL', ' WRONG TEAM LOL', ' !coins', ' !coins', ' !coins', ' !coins', ' !coins', ' !coins']"
0:31:00,"[' !coins', ' !coins', ' Nobody on payload LUL', ' !coin', ' !coins', ' !coins', ' !coins', ' !coins', ' !coins', ' !coins', ' !coins', ' !coins', '1', ' !coins', ' monkaS widow']"
0:31:01,
0:31:02,"[' !coins', ' !coins', ' !OWLClaim', ' !coins', ' Stop spammin trash pls chat just watch the game lul', ' are these commands even doing anything', ' !coins', ' !coins', ' !coins', ' !coins', ' love this ui', ' !points', ' WIDOW PLS SWITCH', ' moon2S moon2S', ' !giveaway']"
0:31:03,"[' zunba?', ' KOREAN SQUAD', ' PogChamp', ' !coins', ' YOU IDIOTS', ' !credits', ' !coins', ' ???? names ?????', ' !unkoe op', ' GO DVA', ' kuki', ' !coins', ' !coin', ' !leaguetoken', ' !coins']"
0:31:04,
0:31:05,
0:31:06,"[' PogChamp', ' n1 kuki', ' !help', ' !redeem', ' SEOUL NAMES LOL', ' DYNASTY NAMES LOL', ' !coins', ' !commands', ' moon2SMUG', ' !coins', ' Agilities', ' !coins', ' !coins', ' !coins', ' !commands']"
0:31:07,
0:31:08,"[' !coins', ' !coins', ' !coins', ' toasty1 toasty2 toasty3 toasty4', ' !coins', ' !coins', ' !coins', ' !coins', ' !coin', ' !coins', ' ARHAN LUL', ' team chat ResidentSleeper ResidentSleeper ResidentSleeper', ' !coins', ' !OWLCoins', ' Arhan LUL']"
0:31:09,"[' !coins', ' congflict', ' !coin', ' SnowHappy', ' NA GENJI', ' !coins', ' !muchcoin', ' !claimed', ' !coins', ' The names are wrong', ' ESCA LUL', ' Names OMEGALUL', ' !coins', ' NA Ult', ' !coins']"
0:31:10,
0:31:11,"[' !coins', ' !coins', ' !coins', ' !coins', ' !money', ' coins', ' !coins', ' !coins', ' Genjiiii', ' LUL', ' !coins', ' Press 1 for !coins', ' !coins', ' moon2SMUG moon2M moon2SMUG moon2M moon2SMUG moon2M moon2SMUG moon2M moon2SMUG moon2M moon2SMUG moon2M', ' !coins']"
0:31:12,"[' !coins', ' dafranNa', ' NA BLADE', ' guys type ! tokens', ' !coins', ' !gofts', ' !coins', ' moon2SMAG', ' chat is so stupid LuL', ' !coins', ' !coins', ' !coins', ' !coin', ' !coins', ' !coins']"
0:31:13,
0:31:14,"[' IS THIS SEOUL?', ' !coins', ' !coins', ' !coins', ' !coins', ' !coins', ' !coins', ' !coins', ' !coins', ' @coin', ' !coins', ' !coins', ' JEHONG OMEGALUL', ' LUL', ' Kreygasm']"
0:31:15,
0:31:16,
0:31:17,"[' !coins', ' WRONG NAMES OEGALUL', ' !coins', ' !coins', ' !coin', ' DansGame DansGame', ' ESCA', ' —â—â–Ω —É', ' !coins', ' Jebaited', ' !coin', ' !commands', ' rip', ' !coins', ' !coins']"
0:31:18,"[' !coins', ' !coins', ' !commands', ' !coins', ' LUL', ' !coins', ' !coins', ' ryujehong', ' !coin', ' !coins', ' whe is shdb?', ' !coin', ' !commands', ' :)', ' gifts']"
0:31:19,
0:31:20,"[' !coins', ' !coins', ' !coins', ' !freeloot', ' !coins', ' !coins', ' lol names', ' ????', ' !coins', ' !coins', ' Kappa', ' !coins', ' !coin', ' !points', ' !coins']"
0:31:21,"[' !icons', ' !coins', ' !coins', ' ARHAN ULT', ' !coind', ' !end', ' !coins', ' !freeUSdollards', ' !coins', ' !coins', ' The live died', ' LIL', ' !commands', ' !skins', ' IIM CRYING']"
0:31:22,
0:31:23,"[' !coins', ' !coins', ' !coins', ' !coins', ' !coins', ' !claimed', ' !coins', ' !coins', ' !coins', ' !coins', ' Hi', ' !coins', ' !coins', ' !commands', ' !coins']"
0:47:48,
0:47:49,"[' S√≥ esperando a Disnaty joga', ' ShazBotstix OneHand Kappa StoneLightning OptimizePrime OptimizePrime OptimizePrime', ' !giveaway', ' pls', ' !help', ' !skin', ' crediiiiit', ' !skin', ' !slowchat', ' !skin', ' !commands', ' !skin', ' !skin', ' use BTTV to blacklist the spam', ' !commands']"
0:47:50,"[' !skin', ' Do u kno da wey', ' !skin', ' 0:1', ' !commamds', ' TableHere', ' !memes!', ' !skin', ' we did not go', ' woopsXD', ' !skin', ' !points', ' !skin', ' ŸÖŸÉÿ±ŸàŸÜÿ©', ' gjxtve uecm yt jpdexbdftn&']"
0:47:51,
0:47:52,"[' !tamere', ' !dynastymecreeandanaskin', ' Command does nuffin?', ' !skin', ' !skin', ' !credits', ' !giveaway', ' !giveaway', ' !givaway', ' !skin', ' –∑–∞ –ø—Ä–æ—Å–º–æ—Ç—Ä –¥–∞—é—Ç –æ—á–∫–∏ –ª–∏–≥–∏ ?', ' !skin', ' BLIZZARD give us skin', ' !skin', ' !skin']"
0:47:53,"[' !skin', ' !skin', ' Kappa', ' PJSalt', ' !skin', ' !420', ' !credit', ' !skin', ' !VALIANT', ' !commands', ' !skin', ' !skin', ' !skin', ' !credits', ' !skin']"
0:47:54,
0:47:55,"[' !credit', ' 2CP LuL', ' !giveaway', ' xqcKek xqcKek xqcKek xqcKek xqcKek', ' !rigged', ' !credits', ' !giveaway', ' JackDolphin JackDolphin', ' !skin', ' !commands', ' !commands', ' !help', ' !skin', ' NERF MERCY NOW', ' !skin']"
0:47:56,"[' kk', ' !skin', ' ResidentSleeper', ' !skin', ' #WENEEDJEFFKHAPLINEMOTE', ' !skin', ' i guess you could say they were shocked', ' BloodTrail BloodTrail R) PJSalt PJSalt', ' !skin', ' !help', ' !league', ' !skin', ' !credit', ' !credits', ' Kappa']"
0:47:57,
0:47:58,"[' earned 2300 coins for knowing de waee', ' LUL', ' !VALLA', ' anubis LUL', ' !Credits', ' Temple of B', ' temple of derank ResidentSleeper', ' !credit', ' !Anubis', ' !giveawy', ' !skin', ' go play the game to get your skins', ' the casters tho', ' oo', ' !skin']"
0:47:59,"[' 2cplul', ' !skin', ' ASD', ' !skin', ' PogChamp', ' WELCOME TO NUMBANI SOURPLS', ' BTTV', ' !credit', ' !skin', ' CoolCat', ' !commands', ' !skin', ' ŸÉÿ®ÿ≥Ÿá', ' !skin', ' Sup']"
0:48:00,
0:48:01,
0:48:02,"[' !skin', ' !skin', ' !skin', ' !credit', ' !credit', ' !credit', ' !skin', ' PartyPopper PartyPopper', ' 2CP LUL', ' CarlSmile CarlSmile', ' Valiants know da way', ' !SFS', ' !commands', ' !debit', ' !skin']"
0:48:03,
0:48:04,"[' !credits', ' 2 cp LUL', ' !skin', ' temple of drawnoobis', ' !credit', ' !credit', ' !credit', ' !skin', ' !credits', ' !skin', ' !skin', ' !memes', ' !skin', ' !NANI', ' !!!']"
0:48:05,"["" how are y'all getting free tokens"", ' !commands', ' !commands', ' primojjeyOrisa', ' !creadits', ' WHY CANT I POST', ' finally', ' !plssanfranwin', ' !help', ' !skin', ' PogChamp', ' !credits', ' !skin', ' TEMPLE OF DRAWNUBIS', ' !command']"
0:48:06,
0:48:07,"[' This is boring. ResidentSleeper ResidentSleeper', ' !credit', ' !help', ' Is that danteh from mc???????', ' !skin', ' !skin', ' !skin', ' why not', ' iddGod', ' !credit', ' b00mBusiness b00mBusiness', ' 2CP LUL', ' We‚Äôll have to wait ‚Äòtill 3am?', ' !credit', ' !commands']"
0:48:08,"[' !skin', ' !skin', ' !enter', ' !skin', ' 2cp LUL', ' !credit', ' !commands', ' !credit', ' 2cp linkzrMistake', ' !skin', ' !skin', ' !skin', ' !skin', ' !skin', ' !skin']"
0:48:09,
0:48:10,"[' !skin', ' do?', ' !symmetra', ' !skin', ' !credits', ' moon2SMUG', ' !credit', ' !leaguecoins', ' !skin', ' !credit', ' The rainbros at it again', ' moon2SMUG', ' !skin', ' !skin', ' !skin']"
0:48:11,"[' TiedNUBIS', ' moon2SMUG', ' Hello jewcrew', ' $skin', ' !skin', ' !skin', ' !credjts', ' woopsThink woopsThink woopsThink', ' !commands', ' !skin', ' !credits', ' !skin d', ' !skin', ' !credits', ' imGlitch']"
0:48:12,
0:48:13,"[' dafranPogChamp dafranEh', ' Kappa', ' !skin', ' HEJ MARGA', ' moon2SMUG', ' !giveaway', ' f', "" !redeem'"", ' dsawd', ' !skin', ' !credit', ' moon2SMUG', ' valiant gg', ' how do I follow them', ' moon2SMUG']"
0:48:14,
0:48:15,
0:48:16,"[' !skin', ' !skin', ' moon2SMUG', ' widowmaker LUL', ' !credits', ' !shoveitinmybootywholesiri', ' ??? who', ' pokeBlessed', ' moon2SMUG', ' 2CP LUL', ' moon2SMUG', ' :!skin', ' 2cp', ' !rerwse', ' !credits']"
0:48:17,"[' moon2S', ' Press 1 if Danteh should get dropped', ' !skin', ' 2cp', ' !commands', ' LUL', ' !skin', ' !2CP', ' moon2SMUG', ' lololololol', ' !seoul', ' !credits', ' Kappa', ' locklearGreed locklearGreed locklearGreed', ' !thewye']"
0:48:18,
0:48:19,"[' this is so cool', ' woahhh', ' c9', ' LUL', ' moon24', ' !credit', ' !skin', ' !skin', ' !why', ' moon2SMUG', ' lol', ' 2cp', ' moon2SMUG', ' windowmaker', ' !skin']"
0:48:20,"[' Moon2Smug', ' !skin', ' moon2SMUG', ' XD', ' !skin', ' !skin', ' !skin', ' &skin', ' !skin', ' temple of widowmaker', ' whoa!', ' !credits', ' !skin', ' 2CP LUL', ' :O']"
0:48:21,
0:48:22,"[' moon2SMUG', ' R)', ' !skin', ' idk @TrueRealSaint', ' !skin', ' !skin', ' !skin', ' 2cp LUL LUL LUL LUL', ' !skin', ' LOL', ' !collect', ' !commands', ' !Dfuel', ' !credits', ' anakGasm']"
0:48:23,"[' LA LO LI', ' ÿ≥ŸÉŸÜ !', ' !skin', ' !sym', ' AAHHAHAHA', ' !CREDITS', ' TTours', ' !credits', ' TwitchLit', ' dat IMAX screen', ' HyperLUL', ' !skin', ' The Valiants Know da wayyyyyyyyyy Kreygasm Kreygasm Kreygasm Kreygasm Kreygasm Kreygasm Kreygasm', ' !credits', ' !skin']"
1:16:37,"[' !lootbox', ' !lootbox', ' !lootbox', ' PogChamp', ' !lootboox', ' !papajeff', ' !lootbox', ' !lootbox', ' whatttttt', ' !lootbox', ' !lootbox', ' !lootbox', ' !lootbox', ' #gimmefreeloot', ' !lootbox']"
1:16:38,
1:16:39,"[' d', ' !lootbox', ' !lootbox', ' !lootbox', ' !lootbox', ' !lootbox', ' !lootbox', ' !lootbox', ' !lootbox', ' !lootbox', ' !lootbox', ' !lotbox', ' !lootbox', ' !lootbox', ' !lootbox']"
1:16:40,"[' mic muted', ' Am terminated it excellence invitation projection as.', ' !lootbox', ' !lootbox', ' boot loxes', ' Ppppppp', ' !lootbox', ' !lootbox', ' !lootbox', ' !lootbox', ' !lootbox', ' !lootbox', ' !lootbox', ' !lootbox', ' !lootbox']"
1:16:41,
1:16:42,"[' !lootbox', ' !lootbox', ' !lootbox', ' !lootbox', ' !lootbox', ' !lootbox', ' P R O D U C T I O N V A L U E', ' PogChamp', ' !lootbox', ' Bren PogChamp', ' !lootbox', ' fat people LUL', ' !lootbox', ' !lootbox', ' !lootbox']"
1:16:43,"[' !lootbox', ' !lootbox', ' !lootbox', ' !lootbox', ' !lootbox', ' xqcJ', ' !lootbox', ' !lootbox', ' !lootbox', ' !lootbox', ' !lootbox', ' !lootbox', ' !lootbox', ' !lootbox', ' !lootbox']"
1:16:44,
1:16:45,"[' !lootbox', ' !lootbox', ' !lootbox', ' !lootbox', ' !lootbox', ' !lootbox', ' !lootbox', ' !lootbox', ' !lootbox', ' !lootbox', ' !lootbox', ' !lootbox', ' !lootbpx', ' !lootbox', ' !lootbox']"
1:16:46,"[' !lootbox', ' !lootbox', ' !lootbox', ' !lootbox', ' !lootbox', ' ŸÉŸÖ Ÿàÿßÿ≠ÿØ ÿπÿ±ÿ®Ÿä ŸäŸäÿ¥ŸàŸàŸÅ ÿßŸÑÿ®ÿ´ ÿßŸÉÿ™ÿ®Ÿà ÿÆŸÑŸàŸÜÿß ŸÜÿ¥ŸàŸàŸÅ', ' #5dollarsaskin', ' !lootbox', ' !lootbox', ' !lootbox', ' !lootbox', ' !lootbox', ' moon2MLEM', ' !lootbox', ' !lootbox']"
1:16:47,
1:16:48,"[' CoolStoryBob', ' !lootbox', ' !lootbox', ' !lootbox', ' „ÖÇ„Öá„Ñπ', ' !lootbox', ' !lootbox', ' !lootbox', ' !lootbox', ' !lootbox', ' !lootbox', ' omegalul thebait', ' !lootbox', ' !lootbox', ' !lootbox']"
1:16:49,"[' !lootbox', ' !lootbox', ' PogChamp', ' !lootbox', ' monkaS', ' !lootbox', ' !lootbox', ' !lootbox', ' !lootbox', ' chris fuckt?', ' !lootbox\\', ' !lootbox', ' !lootbox', ' !lootbox', ' !lootbox']"
1:16:50,
1:16:51,"[' swimX swimX swimX swimX', ' !lootbox', ' !lootbox', ' !lootbox', ' @c0n_vict HELLO', ' !lootbox', ' !lootbox', ' !lootbox', ' !lootbox', ' !lootbox', ' intel LUL', ' !lootbox', ' !lootbox', ' !lootbox', ' !lootbox']"
1:16:52,"[' !lootbox', ' !lootbox', ' !lootbox', ' !lootboz', ' !', ' !lootbox', ' !lootbox', ' !lootbox', ' !lootbox', ' !lootbox', ' !lootbox', ' !lotbox', ' !lootbox', ' !lootbox', ' !lootbox']"
1:16:53,
1:16:54,"[' !lootbox', ' !lootbox', ' !lootbox', ' !lootbox', ' !Lootbox', ' !lootbox', ' !BOOBBOX', ' !lootbox', ' !lootbox', ' !lootbox', ' !lootbox', ' !lootbox', ' !lootbox', ' !lootbox', ' !lootbox']"
1:16:55,"[' !lootbox', ' moon2E', ' !lootbox', ' !lootbox', ' !lootbox', ' !lootbox', ' !lootbox', ' WIN Daa', ' !box', ' –ª', ' !lootbox', ' !lootbox', ' !lootbox', ' !lootbox', ' !lootbox']"
1:16:56,
1:16:57,"[' !lootbox', ' AND A JEW', ' –ù–∏–∫–∞ –±—è–∫–∞', ' !lootbox', ' !lootbox', ' What does loot box with the ! Do', ' !lootbox', ' !lootbox', ' !lootbox', ' !lootbox', ' !lootbox', ' !lootbox', ' üòÑ', ' !lootbox', ' !lootbox']"
1:16:58,"[' !lootbox', ' üòÑ', ' !lootbox', ' !lootbox', ' „ÖÇ„Öá„Ñπ', ' !lootbox', ' !lootbox', ' moon2SMUG', ' !lootbox', ' !lootbox', ' flex', ' !lootbox', ' do the announcers get paid?', ' !lootbox', ' !lootbox']"
1:16:59,
1:17:00,"[' !lootbox', ' !lootbox', ' !lootbox', ' !lootbox', ' !owl', ' !lootbox', ' !lootbox', ' !lootbox', ' !lootbox', ' !lootbox', ' ADS', ' !lootbox', ' !lootbox', ' !lootbox', ' Y best of 4']"
1:17:01,"[' !lootbox', ' !lootbox', ' !lootbox', ' !lootbox', ' !lootbox', ' !lootbox', ' !', ' !lootbox', ' !lootbox', ' !lootbox', ' !lootbox', ' !lootbox', ' !lootbox', ' !lootbox', ' !lootbox']"
1:17:02,
1:17:03,"[' !lootbox', ' !lootbox', ' !lootbox', ' !lootbox', ' !lootbox', ' !lootbox', ' !jukebox', ' !lootbox', ' !13btw', ' !lootbox', ' go next', ' !lootbox', ' Bren Vs Sideshow PogChamp', ' !lootbox', ' ola']"
1:17:04,"[' !lootbox', ' !lootbox', ' !lootbox', ' !lootbox', ' :)', ' !lootbox', ' !lootbox', ' Weee', ' !lootbox', ' !lootbox', ' !lootbox', ' –ø—Ä–∞', ' wraxuAww wraxuS', ' !lootbox', ' !lootbox']"
1:17:05,
1:17:06,"[' seagPog', ' !lootbox', ' !lootbox', ' !lootbox', ' !lootbox', ' !thicc', ' !lootbox', ' !lootbox', ' !lootbox', ' !lootbox', ' !lootbox', ' !lootbox', ' !lootbox', ' !lootbox', ' Stuhtistics']"
1:17:07,"[' !lootbox', ' !lootbox', ' !lootbox', ' !lootbox', ' PogChamp', ' !lootbox', ' !lootbox', ' !lootbox', ' guuuuuuuuuuuys LUL', ' mangoJoey', ' !lootbox', ' !lootbox', ' !lootbox', ' :)', ' !ss']"
1:17:08,
1:17:09,"[' !lootbox', ' !lootbox', ' !helpMe', ' hey how do you get the loot?', ' !lootbox', ' ÌïúÍµ≠Ïù∏', ' VoteYea VoteYea VoteYea', ' !lootbox', ' ', ' !lootbox', ' !lootbox', ' chat is moving so fast nobody will know im gay', ' !lootbox', ' !lootbox', ' !lootbox']"
1:17:10,"[' !lootbox', ' !lootbox', ' !lootbox', ' !lootbox', ' !lootbox', ' !lootbox', ' !lootbox', ' wow', ' IT ACTUALLY WORKED', ' !lootbox', ' !lootbox', ' !lootbox', ' @lootbox', ' !lootbox', ' !lootbox']"
1:17:11,
1:17:12,"[' !lootbox', ' !lootbox', ' !lootbox', ' !lootbox', ' !owleague', ' !lootbox', ' !lootbox', ' !lootbox', ' !lootbox', ' !lootbox', ' !lootbox', ' !lootbox', ' HSWP HSWP HSWP HSWP HSWP HSWP HSWP HSWP HSWP HSWP HSWP HSWP HSWP HSWP HSWP HSWP HSWP HSWP HSWP HSWP HSWP HSWP HSWP HSWP', ' !lootvbox', ' ÌïúÍ∑º„Ñ±Ïù∏']"
1:17:13,"[' !lootbox', ' !!lootbox', ' !lootbox', ' !lootbox', ' Why tf is everyone spamming lootbox', ' !lootbox', ' !lootbox', ' !LOOTBOX FAKE', ' !lootbox', ' !justtellusalreadysoicanleave', ' hi', ' !lootbox', ' !lootbox', ' !lootbox', ' !lootbox']"
1:17:14,
1:17:15,"[' !lootbox', ' !lootbox', ' !lootbox', ' !lootbox', ' !lootbox', ' !lootbox', ' !lootbox', ' !lootbox', ' !lootbox', ' !LOOTBOX', ' its bo3 or bo4 ?', ' !freeOWLskin', ' !lootbox', ' !lootbox', ' !lootbox']"
2:08:40,"[' OWL1', ' OWL', ' OWL 1', ' hi', ' OWL1', ' tokens', ' !OWL 1', ' !owl1', ' OWL 1', ' OWL1', ' OWL 1 OWL 1', ' !OWL1', ' !OWL 1', ' OWL1', ' !OWL1']"
2:08:41,
2:08:42,"[' !OWL1', ' OWL1', ' OWL1', ' OWL1', ' tokens', ' !OWL1', ' Tokens', ' OWL1', ' OWL1', ' !owl1', ' owl 1', ' owl1', ' !OWL1', ' OWL1', ' OWL1']"
2:08:43,"[' OWL1', ' owl1', ' !OWL1', ' !OWL1', ' OWL1', ' OWL1', ' OWL1', ' ', ' OWL1', ' OWL1', ' !OWL1', ' OWL1', ' !owl 1', ' OWL1', ' OWL1']"
2:08:44,
2:08:45,"[' owl1', ' OWL1', ' its soon', ' OWL1', ' O la la', ' !OWL1', ' owl1owl1', ' !OWL1', ' !OWL1', ' owl1', ' !OWL1', ' OWL1', ' OWL1', ' OWL1', ' OWL1']"
2:08:46,"[' !OWL1', ' OWL1', ' owl1', ' OWL1', ' OWL1', ' OWL1', ' tokens', ' OWL1', ' OW1', ' !owl1', ' OWL1', ' OWL1', ' !OWL1', ' !owl1', ' OWL1']"
2:08:47,
2:08:48,"[' Tokens', ' OWL 1', ' OWL 1', ' OWL1', ' oooooowwwwwwlllllll', ' OWL1', ' !OWL1', ' QWL1', ' owl1', ' OWL1', ' !OWL1', ' OWL1', ' !OWL 1', ' !overwatchleague', ' soon']"
2:08:49,"[' OWL1', ' OWL1', ' !OWL1', ' OWL1', ' why are we tying', ' OWL 1', ' AsianGlow AsianGlow', ' Jebaited', ' OWL1', ' !OWL1', ' OWL1', ' tokens?', ' OWL1', ' OWL1', ' No excessive use of emotes allowed (MrDarmor) (warning)']"
2:08:50,
2:08:51,"[' !OWL 1', ' Owl1', ' ', ' OWL 1', ' OWL1', ' !OWL1', ' !OWL 1', ' !OWL1', ' OWL1', ' !OWL1', ' OWL1', ' OWL1', ' !owl1', ' !OWL', ' !owl1']"
2:08:52,"[' !OWL1', ' !Owl1', ' !OWL1', ' OWL1', ' !OWL1', ' OWL1', ' moon24', ' OWl 1', ' OWL1', ' (I wanted to do it too)', ' OWL1', ' ! owl1', ' OWL1', ' !OWL1', ' !owl1']"
2:08:53,
2:08:54,"[' OWL1', ' OWL1', ' !OWL1', ' OWL 1', ' tokens', ' OWL1', ' !owl1', ' OWL1', ' OWL 1', ' OWL1', ' !OWL1', ' KappaRoss', ' !OWL1', ' OWL1', ' No excessive use of caps allowed (DrGainzPhD)']"
2:08:55,"[' !OWL1', ' OWL1', ' !OWL1', ' OWL!', ' OWL1', ' PLEase', ' gev mi tokets)', ' !OWL1', ' OWL1', ' OWL1', ' !owl1', ' !OWL 1', ' OWL1', ' OWL 1', ' OWL1']"
2:08:56,
2:08:57,"[' OWL 1', ' OWL1', ' !OWL1', ' what is happening', ' !OWL1', ' OWL1', ' OWL 1', ' OWL1', ' OWL1', ' !owl 1', ' !OWL1', ' !OWL 1', ' OWL1', ' !OWL', ' OWL1']"
2:08:58,"[' OWL1', ' !owl1', ' !OWL1', ' OWL1', ' OWL1', ' OWL 1', ' OWL1', ' !OWL!', ' OWL1', ' Smorc', ' o', ' !OWL1', ' !OWL', ' OWL1', ' OWL1']"
2:08:59,
2:09:00,"[' !OWL1', ' !OWL1', ' !OWL 1', ' OWL1', ' !OWL 1', ' !OWL1', ' !OWL1', ' !OWL1', ' !owl1', ' OWL1', ' tokens', ' !owl1', ' !OWL1', ' –∞–≥—Ä–∫—Å—Å–∏—è', ' !OWL1']"
2:09:01,"[' OWL1', ' !OWL1', ' !owl 1', ' !OWL1', ' OWL1', ' OWL1', ' !OWL1', ' !OWL1', ' dafranJebaited dafranJebaited OWL1 dafranJebaited dafranJebaited', ' !OWL1', ' OWL 1', ' !OWL1', ' !OWL1', ' !OWL1', ' !OWL1']"
2:09:02,
2:09:03,"[' !owl1', ' OWL 1', ' !owl1', ' !OWL1', ' !OWL1', ' !OWL1', ' OWL1', ' OWL 1', ' !owl1', ' !Owl1', ' !OWL1', ' OWL1', ' OWL1', ' !OWL1', ' !OWL1']"
2:09:04,"[' !OWL1', ' OWL1', ' !OWL1', ' !OWL 1', ' OWL1', ' !OWL1', ' !OWL1', ' !OWL1', ' !OWL1', ' !owl1', ' OWL1', ' !OWL1', ' LB', ' !owl1', ' !owl1']"
2:09:05,
2:09:06,"[' !OWL 1', ' !owl1', ' !OWL1', ' !OWL 1', ' !OWL1', ' tokens', ' !OWL1', ' OWL1', ' idk', ' !OWL1', ' !OWL1', ' lol', ' !OWL1', ' !OWL!', ' ÏïàÎÖï!!!']"
2:09:07,"[' !owl1', ' OWL1', ' !OWL1', ' !OWL1', ' !OWL1', '1', ' !OWL 1', ' OWL 1', ' OWL1', ' OWL1', ' !OWL1', ' cptswaSMART', ' OWL1', ' !owl1', ' !OLW 1']"
2:09:08,
2:09:09,"[' OWL1', ' OWL1', ' !owl1', ' OWL1', ' !OWL1', ' Engage tokens now', ' OWL 1', ' Soon is now', ' !OWL1', ' !OWL1', ' !OWL1', ' !OWL 1', ' !OWL1', ' OWL 1', ' !OWL1']"
2:09:10,"[' !OWL1', ' !OWL1', ' OWL1', ' !owl1', ' !OWL 1', ' !OWL1', ' !OWL1', ' !OWL 1', ' !OWL 1', ' OWL1', ' OWL1', ' !OWL1', ' !OWL1', ' !OWL1', ' !OWL !']"
2:09:11,
2:09:12,"[' !OWL1', ' OWL1', ' !OWL1', ' OWL1', ' !OWL1', ' owl', ' OWL1', ' !OWL1', ' tokens', ' !OWL1', ' go surefour', ' Owl1#', ' feedy FeelsBadMan', ' frontline zen LUL', ' !owl 1']"
2:09:13,"[' !OWL1', ' !OWL1', ' !OWL1', ' !OWL1', ' !OWL1', ' !OWL1', ' !OWL1', ' !OWL1', ' !owl1', ' OWL1', ' !OWL1', ' OWL1', ' owl1', ' !OWL1', ' !OWL 1']"
2:09:14,
2:09:15,"[' OWL1', ' !owl1', ' !1', ' !OWL1', ' tokens', ' !owl1', ' !OWL1', ' !OWL1', ' OWL1', ' !OWL 1', ' !OWL1', ' !owl 1', ' !OWL1', ' OWL 1', ' !owl1']"
2:09:16,"[' OWL1', ' !OWL 1', ' !OWL1', ' !OWL 1', ' !OWL1', ' OWL1', ' !OWL1', ' OWL1', ' —Å—ã—Å—á—Ñ—ã', ' tokens', ' OWL 1', ' OWL 1', ' OWL1', ' !OWL1', ' !OWL1']"
2:09:17,
2:09:18,"[' !OWL1', ' !owl1', ' !OWL1', ' !OWL1', ' S PogChamp PogChamp n', ' !owl1', ' OWL1', ' !OWL1', ' !OWL1', ' OWL 1', ' !owl 1', ' !owl1', ' !OWL1', ' !OWL1', ' Overwatch League officially kicks off on 1/10 at 4:00pm PST']"
2:09:19,"[' !OWL1', ' !OWL1', ' !OWL 1', ' !OWL great horned', ' !OWL1', ' !OWL1', ' !OWL1', ' !OWL1', ' !owl1', ' !OWL1', ' !OWL1', ' !OWL1', ' !OWL1', ' OWL1', ' !OWL1']"
2:09:20,
2:09:21,"[' OWL1', ' !owl1', ' !owl', ' OWL 1', ' !OWL1', ' !OWL1', ' OWL1', ' !OWL1', ' !OWL1', ' !OWL 1', ' !owl1', ' !OWL1', ' !OWL1', ' !OWL1', ' !owl1']"
2:09:22,"[' !OWL1', ' !OWL1', ' !OWL1', ' !OWL1', ' !OWL1', ' LUL', ' tokens', ' !OWL1', ' !OWL1', ' !OWL1', ' cmonBruh', ' !ow1', ' !OWL1', ' !OWL1', ' !owl1']"
2:09:23,
2:09:24,"[' !OWL1', ' !OWL1', ' !owl1', ' !owl1', ' !OWL 1', ' !owl1', ' !OWL1', ' !OWL', ' !OW1', ' !OWL1', ' !OWL1', ' !OWL 1', ' !OWL1', ' !OWL1', ' OWL1']"
2:09:25,"[' !OWL1', ' !OWL!', ' !OWL1', ' !owl1', ' !owl 1', ' !owl1', ' !OWL1', ' !OWL1', ' !OWL1', ' !OWL 1', ' !OWL1', ' !OWL1', ' !owl1', ' !OWL1', ' No excessive use of caps allowed (bac5) (warning)']"
2:09:26,
2:09:27,"[' OWL 1', ' !OWL1', ' !OWL 1', ' !OWL1', ' !OWL1', ' !owl 1', ' !owl1', ' LUL', ' !owl1', ' !OWL1', ' !ow', ' !OWL1', ' !OWL1', ' !OWL1', ' !OWL1']"
2:09:28,"[' OWL 1', ' !OWL1', ' !OWL1', ' !OWL1', ' OWL 1', ' OWL1', ' !ow', ' !OWL1', ' !OWL1', ' !OWL1', ' Likely a giveaway', ' !OWL1', ' !OWL1', ' !owl 1', ' !OWL1']"
2:09:29,
2:09:30,"[' !owl 1', ' !OWL1', ' !OWL 1', ' !OWL1', ' !OW1', ' !OWL1', ' !OWL1', ' !OWL1', ' !OWL1', ' !OW1', ' !OWL 1', ' !OWL1', ' !OWL 1', ' !OWL1', ' !OWL']"
2:09:31,"[' !OWL 1', ' !OWL!', ' !OWL1', ' !OWL1', ' !OWL 1', ' !OWL1', ' !OWL 100', ' !OWL1', ' !OWL1', ' !OWL1', ' !OWL1', ' !OWL 1', ' OWL1', ' !OWL1', ' moon2smug']"
2:09:32,
2:09:33,"[' !OWL 1', ' !OWL1', ' !owl1', ' !OLW1', ' !OWL1', ' !OWL1', ' !OWL1', ' !OWL1', ' !OWL 1', ' !OWL 1', ' !OWL 1', ' OWL1', ' !OWL1', ' !OWL 1', ' !owl 1']"
2:09:34,"[' !OWL 1', ' ', ' !OWL1', ' !OWL1', ' !OWL1', ' !OWL1', ' !OWL1', ' !OWL1', ' Gueeeeee LUL salve LUL LUL', ' !OWL1', ' !OWL1', ' !OWL1', ' !OWL1', ' why we spam owl?', ' OWL1']"
2:09:35,
2:09:36,"[' !OWL1', ' !OWL1', ' !OWL 1', ' !owl 1', ' !owl1', ' !OWL1', ' !OWL1', ' !OWL1', ' !OWL1', ' !OWL1', ' !OWL 1', ' !OWL1', ' woopsW', ' !owl 1', ' !OWL2']"
2:09:37,"[' P', ' OWL1', ' !OWL 1', ' !OWL1', ' !OWL!', ' !owl1', ' zapHype zapHype', ' !OWL1', ' !OWL1', ' !owl1', ' !OWL 1', ' !OWL1', ' !OWL1', ' !OWL1', ' !OWL 1']"
2:09:38,
2:09:39,"[' !OWL1', ' MrDestructoid', ' !OWL 1', ' !OWL1', ' !OWL1', ' !OWL1', ' !OWL 1', ' !OWL 1', ' !OWL1', ' !OWL 1', ' !owl1', ' !OWL 1', ' !OWL 1', ' !OWL1', ' !OWL1']"
2:09:40,"[' !OWL 1', ' !owl1', ' !OWL1', ' OWL1', ' !OWL 1', ' !OWL1', ' !owl1', ' !OWL 1', ' !OWL 1', ' !OWL1', ' pleaseeee i want tokenss', ' !OWL1', ' !OWL1', ' !OWL1', ' !OWL1']"
2:09:41,
2:09:42,"[' !OWL1', ' !OWL 1', ' !OWL1', ' !OWL1', ' !OWL2', ' !owl 1', ' !OWL 1', ' !OWL1', ' !OWL1', ' !OWL11', ' YO', ' !OWL1', ' !OWL1', ' !OWL 1', ' !OWL1']"
2:09:43,"[' lol', ' !OWL1', ' !OWL1', ' !OWL1', ' !OWL1', ' OUTLAWS', ' !OwL 1', ' !owl', ' !OWL1', ' !OWL1', ' !OWL1', ' !OWL1', ' !OWL1', ' !OWL 1', ' !owl 1']"
2:09:44,
2:09:45,"[' !OWL1', ' !OWL1', ' rfggghgffghh', ' !OWL1', ' As moonlight of my resolving unwilling.', ' !OWL1', ' !OWL1', ' OWL 1', ' !OWL 1', ' !OWL1', ' !OWL 1', ' Kappa', ' !OWL 1', ' !OWL1', ' !OWL1']"
2:09:46,"[' :)', ' !OWL1', ' !freebeer', ' !OWL 1', ' !OWL1', ' !OWL1', ' !OWL1', ' v', ' !owl1', ' !OWL 1', ' !OWL1', ' !OWL1', ' !OWL1', ' OWL1!!!!!', ' Gg']"
2:09:47,
2:09:48,"[' !OWL 1', ' !owl1', ' !OWL1', ' !OWL1', ' owl1', ' !OWL1', ' why are people spamming?', ' !OWL1', ' !OWL1', ' !OWL1', ' aaaaaaaaaaaaaaaaaaaaaaaa', ' !OWL1', ' !OWL1', ' !OWL1', ' !OWL1']"
2:09:49,"[' !OWL!', ' !owl1', ' !OWL1', ' !OWL1', ' !OWL1', ' !OWL1', ' !owl1', ' !OWL1', ' im gay', ' !owl 1', ' !OWL1', ' !OWL 1', ' !owl', ' !OWL1', ' !OWL1']"
2:09:50,
2:09:51,"[' !OWL1', ' !OWL1', ' !OWL1', ' !OWL1', ' !OWL1', ' !OWL1', ' !OWL1', ' !owl1', ' LOL', ' !OWL1', ' !OWL1', ' !OWL1', ' !OWL1', ' !OWL1', ' !OWL 1']"
2:09:52,"[' !OWL1', ' !OWL1', ' !OWL1', ' !OWL', ' !OWL1', ' xqcFuel', ' !owl1', ' !owl1', ' LUL', ' !OWL1', ' !owl1', ' !OWL1', ' !OWL1', ' !OWL 1', ' !OWL1']"
2:09:53,
2:09:54,"[' !OWL1', ' !owl1', ' !owl1', ' !OWL!', ' !give.token', ' !OWL1', ' has been awarded 100 tokens', ' !owl1', ' !owl1', ' !owl1', ' !OWL1', ' !owl 1', ' !OWL 1', ' !OWL1', ' !OWL1']"
2:09:55,"[' !OWL1', ' Owl1', ' OWL 1000', ' !OWL1', ' !OWL1', ' !OWL1', ' !OWL 1', ' !OWL', ' !OWL 1', ' !OWL1', ' !OWL 1', ' –±–æ–∂–µ', ' !OWL1', ' !owl1', ' !OWL']"
2:09:56,
2:09:57,"[' !OWL 1', ' !OWL1', ' !OWL1', ' !OWL1', ' owl1.', ' !OWL1', ' !OWL1', ' !freebeer', ' !OWL 1', ' !OWL 1', ' !owl 1', ' !owl 1', ' !OWL1', ' !OWL1', ' No excessive use of caps allowed (co2_ow) (warning)']"
2:09:58,
2:09:59,
2:10:00,"[' !OWL1', ' !OWL1', ' OWL1', ' !OWL', ' !owl1', ' OWL 1', ' !OWL1', ' !OWL1', ' !OWL 1', ' !OWL1', ' LUL', ' !OWL1', ' !OWL1', ' !OWL 1', "" '!OWL1""]"
2:10:01,"[' !owl1', ' !OWL 1', ' !OWL1', ' !OWL1', ' !OWL1', ' !OWL 1', ' !owl', ' !OWL1', ' !OWL1', ' !OWL1', ' !owl1', ' Dale hello do you see me Dale', ' !OWL 1', ' !OWL1', ' DAESuppy']"
2:10:02,
2:10:03,"[' !OWL1', ' !Owl 1', ' !owl1', ' !OWL', '1', ' !OWL1', ' !OWL1', ' !owl1', ' !OWL 1', ' !OWL1', ' !OWL1', ' !OWL1', ' !OWL 1', ' !OWL1', ' !OWL']"
2:10:04,"[' !OWL1', ' !OWL 1', ' !OWL1', ' !OWL1', ' soon', ' !OWL1', ' !OWL1', ' !OWL1', ' !OWL 1', ' !OWL1', ' !OWL 1', ' !OWL 1', ' OWL1', ' !OWL1', ' !OWL 1']"
2:10:05,
2:10:06,"[' !OWL1', ' !owl1', ' !OWL 1', ' !OWL1', ' !OWL1', ' OWL1', ' !OWL1', ' !OWL1', ' !OWL1', ' !kaplan', ' !OWL 1', ' !OWL1', ' !OWL1', ' !owl 2', ' !0wl']"
2:10:07,"[' !OWL1', ' !OWL1', ' Lul', ' !owl1', ' !OWL', ' !OWL1', ' !owl1', ' @me', ' !OWL1', ' !OWL1', ' !OWL1', ' seagDFUEL', ' !OWL1', ' !OWL1', ' this is it']"
2:10:08,
2:10:09,"[' !OWL1', ' !OWL1', ' !OWL1', ' !owl1', ' !OWL1', ' !OWL 1', ' LOL', ' !?', ' Hey', ' !OWL 1', ' !OWL 1', ' !OWL 1', ' !OWL1', ' !OWL1', ' !OWL1']"
2:10:10,"[' !OWL1', ' !OWL1', ' !owl 1', ' !OWL1', ' !OWL1', ' !OWL1', ' !OWL1', ' !OWL100', ' !OWL', ' PJSalt', ' !OWL1', ' !DOG4', ' poo', ' !OWL1', ' !OWL1']"
2:10:11,
2:10:12,"[' !OWL1', ' !OWL1', ' !OWL 1', ' !OWL1', ' !OWL 1', ' !OWL 1', ' !OWL', ' !OWL1', ' !OWL 1', ' !OWL 1', ' !owl 1', ' !OWL1', ' !OWL1', ' !OWL1', ' !OWL 1']"
2:10:13,"[' !OWL1', ' !OWL1', ' !OWL1', ' LAG LADS', ' !owl 1', ' !OWL1', ' !OWL 1', ' !OWL1', ' !OWL1', ' !OWL1', ' !OWL1', ' !ol1', ' !OWL1', ' !OWL 1', ' !OWL1']"
2:10:14,
2:10:15,"[' !OWL1', ' !OWL1', ' !OWL1', ' !OWL1', ' !owl 1', ' !OWL 1', ' !OWL1', ' AA', ' !OWL', ' oh boi', ' OmegaLuL', ' !OWL1', ' which team has timthetatman HYPERLUL', ' PogChamp', ' !owl1']"
2:10:16,"[' !OWL1', ' OWL1', ' !OWL1', ' !OWL1', ' !owl1', ' Why does the biggest match have to be so late for east coast? FeelsBadMan', ' !OWL', ' !OWL 1', ' !OWL 1', ' !OWL1', ' !OWL', ' !OWL1', ' !Owl1', ' !OWL1', ' !OWL1']"
2:10:17,
2:10:18,"[' lol', ' !owl1', ' !owl', ' !OWL 1', ' !OWL1', ' OWL1', ' !OWL1', ' has be awared 500', ' (exclamation point)what is going on here', ' !OWL1', ' ads ', ' OWL 1', ' !OWL1', ' !OWL1', ' !OWL1']"
2:10:19,"[' !OWL1', ' !OWL1', ' s', ' !OWL1', ' !OWL 1', ' !OWL 1', ' !OWL1', ' OWL1', ' !OWL1', ' !OWL1', ' ads dabs', ' !OWL1', ' !OWL1', ' !OWL1', ' !OWL1']"
2:10:20,
2:10:21,"[' !OWL1', ' !OWL 1', ' !OWL 1', ' !OWL1', ' !OWL 1', ' OWL1', ' !OWL1', ' !OWL1', ' !OWL1', ' OWL 1', ' !OWL 1', ' !OWL1', ' !OWL!', ' !OWL1', ' has received 200 tokens with !OWL2']"
2:10:22,"[' !OWL1', ' !OWL1', ' !OWL1', ' !OWL1', ' !OWL1', ' !OWL1', ' !OWL 1', ' !OWL1', ' !OWL 1', ' !OWL1', ' !OWL1', ' !OWL 1', ' !OWL1', ' !OWL1', ' !OWL1']"
2:10:23,
2:10:24,"[' !OWL1', ' !OWL 1', ' !OWL1', ' PogChamp', ' !OWL1', ' !OWL1', ' !owl1', ' !OWL1', ' !OWL1', ' !OWL1', ' !OWL1', ' !OWL100', ' !owl 1', ' Kappa', ' !OWL1']"
2:10:25,"[' I quit trying to get tokens', ' OWL!', ' Tokens', ' !OWL1', ' !OWL1', ' !OWL 1', ' !OWL1', ' !OWL1', ' OWL 1', ' !OWL1', ' !OWL1', ' SEAGULL1', ' !OWL1', ' !OWL1', ' !OWL']"
2:10:26,
2:10:27,"[' !OWL1', ' !owl1', ' !OWL1', ' !OWL 1', ' !OWL 1', ' !OWL1', ' !owl 1', ' !OWL1', ' !OWL', ' !OWL1', ' !OWLBOX', ' !OWL1', ' !OWL1', ' !owl1', ' !OWL1']"
2:10:28,"[' !owl1', ' !OWL 1', ' !OWL1', ' !OWL1', ' !OWL1', ' !OWL 1', ' !OWL1', ' !OWL1', ' The match is over! type LAVALIANT for your tokens!', ' !OWL1', ' !OWL1', ' !owl', ' !OWL1', ' !OWL1', ' @yoyoman82']"
2:10:29,
2:10:30,"[' !OWL1', ' !OWL1', ' !OWL 1', ' !OWL1', ' !OWL1', ' !OWL 1', ' !OWL 1', ' !OWL1', ' !OWL1', ' !OWL1', ' !OWL1', ' –Ω—É —á—Ç–æ–∂ —É–≤–∏–¥–∏–º', ' !owl1', ' !OWL1', ' !OWL1']"
2:10:31,"[' !OWL1', ' !OWL1', ' !OWL1', ' me', ' !OWL1', ' rip', ' !OWL', ' !OWL1', ' !OWL1', ' !OWL1', ' !OWL1', ' KappaWealth', ' !OWL1', ' !owl1', ' !OWL1']"
2:10:32,
2:10:33,"[' !OWL 1', ' !OWL 1', ' !OWL 1', ' !OWL 1', ' !OWL1', ' !OWL1', ' !OWL 1', ' !OWL1', ' !OWL1', ' !OWL1', ' !OWL1', ' has won 100 OWL tokens. Type !imanidiot to claim yours now.', ' !OWL1', ' Owl1', ' !OWL1']"
2:10:34,"[' !OWL1', ' !OWL 1', ' !OWL1', ' !OWL 1', ' !OWL1', ' !OWL1', ' !OWL1', ' !OWL1', ' !OWL1', ' !OWL1', ' !OWL1', ' !OWL1', ' !OWL1', ' gj', ' !OWL 1']"
2:10:35,
2:10:36,"[' !OWL1', ' !OWL1', ' !OWL1', ' !OWL', ' !owl1', ' !OWL1', ' !OWL1', ' !OWL1', ' !OWL1', ' !OWL!', ' !owl1', ' !OWL1', ' !OWL1', ' g', ' !OWL1']"
2:10:37,"[' !OWL1', ' !OWL1', ' !OWL', ' !OWL2', ' !OWL1', ' !OWL 1', ' OWL1', ' !OWL1', ' !OWL1', ' !owl1', ' !OWL2', ' !OWL1', ' Lol', ' !OWL1', ' No excessive use of caps allowed (tekstyleso) (warning)']"
2:10:38,
2:10:39,"[' !OWL', ' !OWL1', ' !OWL1', ' !OWL1', ' anakShakal', ' !OWL1', ' !OWL1', ' !OWL1', ' !OWL2', ' !OWL1', ' OMEN1', ' AVALANT', ' !OWL1', ' !OWL 1', ' !OWL 2']"
2:10:40,"[' !owl1', ' !OWL1', ' larvant', ' !OWL1', ' !OWL3', ' !ow1', ' !OWL1', ' !owl1', ' !owl 1', ' tatToxic tatToxic tatToxic', ' !OWL 2', ' !owloots', ' LAVANIT', ' !owl1', ' !OWL1']"
2:10:41,
2:10:42,"[' !OWL1', ' !owl1', ' !OWL1', ' !OWL1', ' !OWL1', ' !OWL1', ' !OWL 1', ' !owl1', ' !OWL', ' OWL1', ' !OWL2', ' !OWL 1', ' !OWL3', ' !OWL1', ' !OWL 1']"
2:10:43,"[' PogChamp', ' !OWL1', ' !OWL1', ' Wow', ' !OWL1', ' !valiant', ' !OWL1', ' !OWL1', ' !OWL1', ' !OWL1', ' !OWL1', ' !OWL1', ' !owl1', ' !OWL1', ' !OWL1']"
2:10:44,
2:10:45,"[' !OWL1', ' !OWL2', ' !owl1', ' !OWL1', ' !OWL1', ' !owl1', ' !OWL1', ' !OWL1', ' !OWl1', ' !OWL1', ' fghfghj', ' !OWL1', ' !OWL1', ' !owl1', ' !OWL 2']"
2:10:46,"[' ‰∏äÊµ∑nbÔºÅ', ' !OWL1', ' !owl1', ' !OWL 1', ' !OWL1', ' !OWL2', ' !OWL1', ' 1OWL1', ' !OWL1', ' !OWL1', ' Lavaliant', ' !OWL2', ' !OWL1', ' !OWL1', ' !OWL1']"
2:10:47,
2:10:48,"[' !OWL1', ' !OWL 1', ' !OWL 3', ' !OWL1', ' !owl1', ' !owl1', ' !OWL 1', ' !OMENHP', ' !OWL1', ' !OWL2', ' !OWL1', ' !OWL1', ' !OWL1', ' !OWL3', ' !Owl1']"
2:10:49,"[' !OWL1', ' !OWL1', ' OWL1', ' !OWL1', ' !ow1', ' !OWL3', ' OWL', ' !OWL1', ' !OWL1', ' !moobot', ' !OWL 1', ' !OWL 1', ' !OWL1', ' !OWL 1', ' !OWL524234']"
2:10:50,
2:10:51,"[' !owl', ' !owl1', ' !OWL1', ' OWL1', ' !OWL1', ' –í—ã –æ —á–µ–º?', ' !OWL1', ' !OWL 1', ' !OWL1', ' !OWL1', ' OWL 1', ' !OWL1', ' !OWL1', ' !OWL1', ' !OWL 1']"
2:10:52,"[' !OWL 2', ' !OWL1', ' !OWL1', ' !owl1', ' !OWL69', ' !owl1', ' !OWL1', ' !ow', ' !owl1', ' !OWLBOX', ' !OWL 1', ' has been awarded 100 free league credits!', ' !OWL2', ' The colors make it look cool', ' !OWL1']"
2:10:53,
2:10:54,"[' !OWL 1', ' !OWL1', ' !OWL1', ' !OWL1', ' if yall cant watch lower quality and get better net', ' !owl1', ' !OWL3', ' !OWL1', ' !OWL 1', ' !owl1', ' !OWL1', ' !OWL 1', ' !OWL1', ' !OWL!', ' !owl1']"
2:10:55,"[' !OWL1', ' !owl2', ' !OWL1', ' !OWL1', ' !slowmode', ' !owl1', ' !OWL 1', ' OWL1', ' !owl1', ' !OWL1', ' !OWL1', ' !OWL1', ' !OWL1', ' !OWL 2', ' !OWL1']"
2:11:17,"[' !OWL1', ' !OWL1', ' !OWL 1', ' ‰∏äÊµ∑nbÔºÅ', ' F', ' !OWL4', ' !OWLL1', ' xd', ' !OWL1', ' !OWL 1', ' !valyant', ' !OWL1', ' d', ' !OWL1', ' !OWL1']"
2:11:18,
2:11:19,"[' !OWL 1', ' OWL1', ' !OWL1', ' !OWL1', ' !OWL1', ' !owl 1', ' !OWL1', ' !owl1 100', ' !OWL1', ' !OWL1', ' took 10 of your tokens!', ' !OWL 1', ' lol', ' !OWL1', ' !OWL100']"
2:11:20,"[' !OWL1', ' !OWL1', ' !owl1', ' !OWL1', ' !OWL1', ' !OWL1', ' !OWL1', ' !OWL1', ' Keepo', ' !owl 1', ' !owl1', ' !OWL 1', "" What is this command? What's happening lul"", ' !OWL1', ' !OWL1']"
2:11:21,
2:11:22,"[' !OWL1', ' !OWL1', ' !OWL1', ' !OWL 1', ' !OWL1', ' !OWL', ' !OWL1', ' !owl1', ' !olw1', ' !OWL 1', ' !owl1', ' !OWL 1', ' !OWL1', ' !OWL1', ' !OWL1']"
2:11:23,"[' !OWL1', ' !owl', ' !OWL1', ' !OWL3', ' !OWL1', ' !OWL1', ' !OWL1', ' !!OWL 2', ' what is owl1 command for?', ' !OWL 1', ' !OWL1', ' !Owl1', ' !OWL1', ' !OWL 1', ' !OWL1']"
2:11:24,
2:11:25,"[' !OWL1', ' !OWL1', ' !OWL1', ' !OWL', ' !OWL1', ' !OWL1', ' OWL1', ' !OWL1', ' stop', ' !OWL1', ' !OWL1', ' !OWL !', ' !OWL 1', ' !OW1', ' OWL1']"
2:11:26,"[' !OWL1', ' !OWL1', ' !OWL1', ' !OWL 1', ' !OWL1', ' !OWL1', "" You've all been Jebaited"", ' wat', ' OWL1', ' !OWL 1', ' !OWL 1', ' !OWL 1', ' OWL1', ' !OWL1', ' !OWL1']"
2:11:27,
2:11:28,"[' !OWL 1', ' !OWL 1', ' !OWL 1', ' !Owl1', ' !OWL1', ' spam 1 ifu are on elo hell', ' !OWL1', ' !OWL1', ' !OWL1', ' !OWL1', ' !OWL1', ' !OWL1', ' !OWL 1', ' !OWL1', ' !OWL1']"
2:11:29,"[' !OWL1', ' !OWL 1', ' !OWL1', ' !OWL1', ' !OWL1', ' !OWL1', ' !OWL1', ' owl', ' !owl1', ' !OWL1', ' !OWL1', ' !OWL1', ' !OWL', ' !OWL1', ' !OWL 1']"
2:11:30,
2:11:31,"[' !OWL1', ' !OWL1', ' !owl1', ' ! 4Head', ' !OWL1', ' !OWL1', ' !owl1', ' !OWL1', ' !OWL1', ' !OWL 1', ' !OWL1', ' !OWL1', ' PogChamp', ' !OWL1', ' !owl1']"
2:11:32,"[' !OWL1', ' !OWL 1', ' !owl 1', ' !OWL1', ' !OWL1', ' wat', ' !OWL 1', ' !OWL1', ' !OWL 1', ' laviant', ' !owl1', ' !OWL 1', ' !owl1', ' !OWL 1', ' !OWL 1']"
2:11:33,
2:11:34,"[' Clap', ' !OWL1', ' s', ' !owl1', ' !OWL1', ' !OWL1', ' !OWL1', ' lol', ' !OWL1', ' !OWL1', ' !OWL1', ' !OWL1', ' helo', ' !slowmode', ' !VALIANT']"
2:11:35,"[' !OWL1', ' LUL', ' !OWL1', ' !OWL1', ' !OWL 1', ' !owl1', ' !OWL3', ' !OWL1', ' !OWL1', ' !owl 1', ' Jebaited', ' !OWL 1', ' !owl1', ' !OWL1', '13']"
2:11:36,
2:11:37,"[' !owl1', nan, ' !OWL1', ' o w l o n e', ' !OWL 1', ' !OWL1', ' !OWL2', ' !OWL 1', ' are you guys dumb', ' !OWL1', ' !OWL1', ' !OWL1', ' !owl1', ' !OWL1', ' No excessive use of caps allowed (5umner)']"
2:11:38,"[' !OWL1', ' !owl 1', ' v', ' !OWL1', ' !OWL1', ' !OWL1', ' !OWL 1', ' !OWL1', ' !owl3', ' !Slowmode', ' !OWL1', ' !OWL1', ' !OWL1', ' !slowmode', ' @OverwatchLeague Give us da tokens :(']"
2:11:39,
2:11:40,"[' !owl', ' !OWL1', ' LUL LUL', ' !OWL1', ' has earned 100 tokens by spamming !OWL1 like a pleb! Thank you!', ' !OWL1', ' !OWL1', ' !slowmode', ' !OWL1', ' !OWL', ' !owl1', ' !OWL1', ' !Slowmode', ' OWL1', ' !OWL1!']"
2:11:41,"[' !OWL1', ' !OWL1', ' !OWL1', ' !OWL1', ' !OWL1', ' !OWL1', ' !OWL1', ' A', ' !owl 1', ' !OWL1', ' !OWL 1', ' !OWL1', ' !OWL1', ' !OWL3', ' !VALYANT']"
2:11:42,
2:11:43,"[' !OWL1', ' !freeloots', ' !OWL1', ' !OWL1', ' !OWL1', ' –∫–∫', ' !OWL1', ' !OWL1', ' !owl1', ' Wow', ' TriHard', ' !OWL1', ' !OWL 1', ' !owl', ' !']"
2:11:44,"[' loop', ' owl1', ' B)', ' !OWL1', ' !OWL1', ' !OWL1', ' jefffffyyy boiiiiii', ' !OWL1', ' !slowmode', ' !OWL1', ' !OWL1', ' !OWL1', ' !OWL 1', ' OWL2', ' !OWL1']"
2:11:45,
2:11:46,"[' 1!owl1', ' !OWL1', ' !OWL1', ' !OWL 1', ' !OWL1', ' oloco esse soon', ' !OWL1', ' !OWL1', ' !owl2', ' !OWL1', ' !OWL1', ' !OWL1', ' !OWL1', ' !OWL1', ' !OWL2']"
2:11:47,"[' !OWL2', ' !OWL 1', ' !OWL 1', ' !OWL1', ' !owl 1', ' !owl1', ' !OWL1', ' !OWL1', ' !OWL1', ' !owl', ' !OWL 1', ' !OWL1', ' !OWL1', ' !OWL1', ' wow']"
2:11:48,
2:11:49,"[' !OWL1', ' !OWL1', ' !OWL1', ' glad Valiant won', ' !slowmode', ' !OWL1', ' !OWL1', ' !OWL1', ' !OWL1', ' fffff', ' !OWL1', ' !OWL1', ' !owl2', ' !OWL1', ' !OWL 1']"
2:11:50,"[' !OWL1', ' !OWL 1', ' !OWL1', ' !OWL1', ' ', ' !OWL1', ' !oWL1', ' !OWL1', ' !OWL1', ' !OWL 1', ' c', ' !OWL1', ' !OWL1', ' !OWL1', ' !OWL 1']"
2:11:51,
2:11:52,"[' !OWL1', ' !OWL1', ' !OWL 1\\', ' nic etokens', ' !OWL1', ' !OWL1', ' !OWL1', ' !OWL1', ' Holy', ' !OWL1', ' !slowmode', ' !OWL3', ' !OWL1', ' !owl1', ' !OWL1']"
